"PassengerId","Survived","Pclass","Sex","Age","SibSp","Parch","Fare","Embarked"
1,"No","3rd","Male",-0.532158042257722,0.432550428041802,-0.47340772456839,-0.502163136515605,"Southampton"
2,"Yes","1st","Female",0.644688184085905,0.432550428041802,-0.47340772456839,0.786403617834538,"Cherbourg"
3,"Yes","3rd","Female",-0.237946485671815,-0.474278822276423,-0.47340772456839,-0.488579851581261,"Southampton"
4,"Yes","1st","Female",0.424029516646475,0.432550428041802,-0.47340772456839,0.420494069765409,"Southampton"
5,"No","3rd","Male",0.424029516646475,-0.474278822276423,-0.47340772456839,-0.486064428445271,"Southampton"
6,"No","3rd","Male",-0.0908407073788618,-0.474278822276423,-0.47340772456839,-0.477848050313875,"Queenstown"
7,"No","1st","Male",1.82153441042953,-0.474278822276423,-0.47340772456839,0.395591380719111,"Southampton"
8,"No","3rd","Male",-2.00321582518726,2.24620892867825,0.767198988932891,-0.223957337675147,"Southampton"
9,"Yes","3rd","Female",-0.164393596525338,-0.474278822276423,2.00780570243417,-0.424017995203696,"Southampton"
10,"Yes","2nd","Female",-1.12058115542954,0.432550428041802,-0.47340772456839,-0.0429313901012591,"Cherbourg"
11,"Yes","3rd","Female",-1.8561100468943,0.432550428041802,0.767198988932891,-0.311997147434786,"Southampton"
12,"Yes","1st","Female",2.11574596701544,-0.474278822276423,-0.47340772456839,-0.113781804318799,"Southampton"
13,"No","3rd","Male",-0.679263820550675,-0.474278822276423,-0.47340772456839,-0.486064428445271,"Southampton"
14,"No","3rd","Male",0.718241073232382,0.432550428041802,5.72962584293801,-0.0186988097783889,"Southampton"
15,"No","3rd","Female",-1.12058115542954,-0.474278822276423,-0.47340772456839,-0.490004587245486,"Southampton"
16,"Yes","2nd","Female",1.89508729957601,-0.474278822276423,-0.47340772456839,-0.326083516996328,"Southampton"
17,"No","3rd","Male",-2.00321582518726,3.15303817899648,0.767198988932891,-0.0619640877174114,"Queenstown"
18,"Yes","2nd","Male",0.0194886263408532,-0.474278822276423,-0.47340772456839,-0.38645367226008,"Southampton"
19,"No","3rd","Female",0.129817960060568,0.432550428041802,-0.47340772456839,-0.285836746820493,"Southampton"
20,"Yes","3rd","Female",-1.15735760000277,-0.474278822276423,-0.47340772456839,-0.502666221142803,"Cherbourg"
21,"No","2nd","Male",0.424029516646475,-0.474278822276423,-0.47340772456839,-0.124849666117153,"Southampton"
22,"Yes","2nd","Male",0.350476627499998,-0.474278822276423,-0.47340772456839,-0.38645367226008,"Southampton"
23,"Yes","3rd","Female",-1.04702826628306,-0.474278822276423,-0.47340772456839,-0.4864829948551,"Queenstown"
24,"Yes","1st","Male",-0.0908407073788618,-0.474278822276423,-0.47340772456839,0.0663224922180623,"Southampton"
25,"No","3rd","Female",-1.5618984903084,2.24620892867825,0.767198988932891,-0.223957337675147,"Southampton"
26,"Yes","3rd","Female",0.644688184085905,0.432550428041802,5.72962584293801,-0.0164349289559982,"Southampton"
27,"No","3rd","Male",-0.146005374238719,-0.474278822276423,-0.47340772456839,-0.502666221142803,"Cherbourg"
28,"No","1st","Male",-0.752816709697152,2.24620892867825,2.00780570243417,4.64439259971928,"Southampton"
29,"Yes","3rd","Female",-0.56893448683096,-0.474278822276423,-0.47340772456839,-0.489501502618288,"Queenstown"
30,"No","3rd","Male",-0.56893448683096,-0.474278822276423,-0.47340772456839,-0.489167454425828,"Southampton"
31,"No","1st","Male",0.791793962378858,-0.474278822276423,-0.47340772456839,-0.090221345057865,"Cherbourg"
32,"Yes","1st","Female",0.350476627499998,0.432550428041802,-0.47340772456839,2.30043680338673,"Cherbourg"
33,"Yes","3rd","Female",-0.56893448683096,-0.474278822276423,-0.47340772456839,-0.492101443971647,"Queenstown"
34,"No","2nd","Male",2.70416908018725,-0.474278822276423,-0.47340772456839,-0.436762134979874,"Southampton"
35,"No","1st","Male",-0.0908407073788618,0.432550428041802,-0.47340772456839,1.00549697297924,"Cherbourg"
36,"No","1st","Male",0.938899740671812,0.432550428041802,-0.47340772456839,0.3983583461687,"Southampton"
37,"Yes","3rd","Male",-0.532158042257722,-0.474278822276423,-0.47340772456839,-0.502581702925434,"Cherbourg"
38,"No","3rd","Male",-0.605710931404199,-0.474278822276423,-0.47340772456839,-0.486064428445271,"Southampton"
39,"No","3rd","Female",-0.826369598843628,1.33937967836003,-0.47340772456839,-0.285836746820493,"Southampton"
40,"Yes","3rd","Female",-1.12058115542954,0.432550428041802,-0.47340772456839,-0.421836620260165,"Cherbourg"
41,"No","3rd","Female",0.791793962378858,0.432550428041802,-0.47340772456839,-0.457388604694989,"Southampton"
42,"No","2nd","Female",-0.164393596525338,0.432550428041802,-0.47340772456839,-0.225466591556741,"Southampton"
43,"No","3rd","Male",-0.146005374238719,-0.474278822276423,-0.47340772456839,-0.489167454425828,"Cherbourg"
44,"Yes","2nd","Female",-1.92966293604078,0.432550428041802,2.00780570243417,0.18865657484453,"Cherbourg"
45,"Yes","3rd","Female",-0.752816709697152,-0.474278822276423,-0.47340772456839,-0.489501502618288,"Queenstown"
46,"No","3rd","Male",-0.56893448683096,-0.474278822276423,-0.47340772456839,-0.486064428445271,"Southampton"
47,"No","3rd","Male",-0.458605153111245,0.432550428041802,-0.47340772456839,-0.336145209540286,"Queenstown"
48,"Yes","3rd","Female",-0.56893448683096,-0.474278822276423,-0.47340772456839,-0.492101443971647,"Queenstown"
49,"No","3rd","Male",-0.146005374238719,1.33937967836003,-0.47340772456839,-0.211798788405027,"Cherbourg"
50,"No","3rd","Female",-0.826369598843628,0.432550428041802,-0.47340772456839,-0.289861423838076,"Southampton"
51,"No","3rd","Male",-1.63545137945487,3.15303817899648,0.767198988932891,0.150589167273717,"Southampton"
52,"No","3rd","Male",-0.605710931404199,-0.474278822276423,-0.47340772456839,-0.491095274717251,"Southampton"
53,"Yes","1st","Female",1.45376996469715,0.432550428041802,-0.47340772456839,0.895993560684828,"Cherbourg"
54,"Yes","2nd","Female",-0.0172878182323851,0.432550428041802,-0.47340772456839,-0.124849666117153,"Southampton"
55,"No","1st","Male",2.63061619104078,-0.474278822276423,0.767198988932891,0.599173630638046,"Cherbourg"
56,"Yes","1st","Male",0.53435885036619,-0.474278822276423,-0.47340772456839,0.0663224922180623,"Southampton"
57,"Yes","2nd","Female",-0.605710931404199,-0.474278822276423,-0.47340772456839,-0.436762134979874,"Southampton"
58,"No","3rd","Male",-0.0540642628056234,-0.474278822276423,-0.47340772456839,-0.502581702925434,"Cherbourg"
59,"Yes","2nd","Female",-1.78255715774783,0.432550428041802,2.00780570243417,-0.0896337422132979,"Southampton"
60,"No","3rd","Male",-1.34123982286897,4.05986742931471,2.00780570243417,0.295729082220321,"Southampton"
61,"No","3rd","Male",-0.532158042257722,-0.474278822276423,-0.47340772456839,-0.502581702925434,"Cherbourg"
62,"Yes","1st","Female",0.644688184085905,-0.474278822276423,-0.47340772456839,0.961813128630388,"Southampton"
63,"No","1st","Male",1.15955840811124,0.432550428041802,-0.47340772456839,1.0317418918109,"Southampton"
64,"No","3rd","Male",-1.8561100468943,2.24620892867825,2.00780570243417,-0.0866152344501103,"Southampton"
65,"No","1st","Male",0.0194886263408532,-0.474278822276423,-0.47340772456839,-0.090221345057865,"Cherbourg"
66,"Yes","3rd","Male",-0.605710931404199,0.432550428041802,0.767198988932891,-0.341260574029635,"Cherbourg"
67,"Yes","2nd","Female",-0.0172878182323851,-0.474278822276423,-0.47340772456839,-0.436762134979874,"Southampton"
68,"No","3rd","Male",-0.752816709697152,-0.474278822276423,-0.47340772456839,-0.48388506584025,"Southampton"
69,"Yes","3rd","Female",-0.899922487990105,3.15303817899648,2.00780570243417,-0.488579851581261,"Southampton"
70,"No","3rd","Male",-0.237946485671815,1.33937967836003,-0.47340772456839,-0.473738855078922,"Southampton"
71,"No","2nd","Male",0.203370849207045,-0.474278822276423,-0.47340772456839,-0.436762134979874,"Southampton"
72,"No","3rd","Female",-0.973475377136582,4.05986742931471,2.00780570243417,0.295729082220321,"Southampton"
73,"No","2nd","Male",-0.605710931404199,-0.474278822276423,-0.47340772456839,0.831011125558925,"Southampton"
74,"No","3rd","Male",-0.237946485671815,0.432550428041802,-0.47340772456839,-0.35719024566523,"Cherbourg"
75,"Yes","3rd","Male",0.203370849207045,-0.474278822276423,-0.47340772456839,0.488829060846959,"Southampton"
76,"No","3rd","Male",-0.311499374818292,-0.474278822276423,-0.47340772456839,-0.494113782480438,"Southampton"
77,"No","3rd","Male",-0.237946485671815,-0.474278822276423,-0.47340772456839,-0.489167454425828,"Southampton"
78,"No","3rd","Male",-0.237946485671815,-0.474278822276423,-0.47340772456839,-0.486064428445271,"Southampton"
79,"Yes","2nd","Male",-2.08927270548863,-0.474278822276423,2.00780570243417,-0.064479510853401,"Southampton"
80,"Yes","3rd","Female",0.0562650709140916,-0.474278822276423,-0.47340772456839,-0.397018449431237,"Southampton"
81,"No","3rd","Male",-0.532158042257722,-0.474278822276423,-0.47340772456839,-0.46694721261175,"Southampton"
82,"Yes","3rd","Male",-0.0172878182323851,-0.474278822276423,-0.47340772456839,-0.456885520067791,"Southampton"
83,"Yes","3rd","Female",-0.56893448683096,-0.474278822276423,-0.47340772456839,-0.49134681703085,"Queenstown"
84,"No","1st","Male",-0.0908407073788618,-0.474278822276423,-0.47340772456839,0.299753759237905,"Southampton"
85,"Yes","2nd","Female",-0.899922487990105,-0.474278822276423,-0.47340772456839,-0.436762134979874,"Southampton"
86,"Yes","3rd","Female",0.276923738353522,2.24620892867825,-0.47340772456839,-0.329102024759515,"Southampton"
87,"No","3rd","Male",-0.973475377136582,0.432550428041802,3.24841241593545,0.0436836839941552,"Southampton"
88,"No","3rd","Male",-0.237946485671815,-0.474278822276423,-0.47340772456839,-0.486064428445271,"Southampton"
89,"Yes","1st","Female",-0.458605153111245,2.24620892867825,2.00780570243417,4.64439259971928,"Southampton"
90,"No","3rd","Male",-0.385052263964768,-0.474278822276423,-0.47340772456839,-0.486064428445271,"Southampton"
91,"No","3rd","Male",-0.0172878182323851,-0.474278822276423,-0.47340772456839,-0.486064428445271,"Southampton"
92,"No","3rd","Male",-0.679263820550675,-0.474278822276423,-0.47340772456839,-0.490004587245486,"Southampton"
93,"No","1st","Male",1.23311129725772,0.432550428041802,-0.47340772456839,0.582990404350342,"Southampton"
94,"No","3rd","Male",-0.237946485671815,0.432550428041802,2.00780570243417,-0.234019030219105,"Southampton"
95,"No","3rd","Male",2.18929885616192,-0.474278822276423,-0.47340772456839,-0.502163136515605,"Southampton"
96,"No","3rd","Male",-0.237946485671815,-0.474278822276423,-0.47340772456839,-0.486064428445271,"Southampton"
97,"No","1st","Male",3.07193352591963,-0.474278822276423,-0.47340772456839,0.0493021331107018,"Cherbourg"
98,"Yes","1st","Male",-0.458605153111245,-0.474278822276423,0.767198988932891,0.626925791012793,"Cherbourg"
99,"Yes","2nd","Female",0.350476627499998,-0.474278822276423,0.767198988932891,-0.185219821380906,"Southampton"
100,"No","2nd","Male",0.350476627499998,0.432550428041802,-0.47340772456839,-0.124849666117153,"Southampton"
101,"No","3rd","Female",-0.0908407073788618,-0.474278822276423,-0.47340772456839,-0.489167454425828,"Southampton"
102,"No","3rd","Male",-0.237946485671815,-0.474278822276423,-0.47340772456839,-0.489167454425828,"Southampton"
103,"No","1st","Male",-0.605710931404199,-0.474278822276423,0.767198988932891,0.907228446579412,"Southampton"
104,"No","3rd","Male",0.276923738353522,-0.474278822276423,-0.47340772456839,-0.473905879175152,"Southampton"
105,"No","3rd","Male",0.571135294939428,1.33937967836003,-0.47340772456839,-0.488579851581261,"Southampton"
106,"No","3rd","Male",-0.0908407073788618,-0.474278822276423,-0.47340772456839,-0.489167454425828,"Southampton"
107,"Yes","3rd","Female",-0.605710931404199,-0.474278822276423,-0.47340772456839,-0.494113782480438,"Southampton"
108,"Yes","3rd","Male",-0.237946485671815,-0.474278822276423,-0.47340772456839,-0.491598359344449,"Southampton"
109,"No","3rd","Male",0.644688184085905,-0.474278822276423,-0.47340772456839,-0.489167454425828,"Southampton"
110,"Yes","3rd","Female",-0.752816709697152,0.432550428041802,-0.47340772456839,-0.162077928529801,"Queenstown"
111,"No","1st","Male",1.3066641864042,-0.474278822276423,-0.47340772456839,0.3983583461687,"Southampton"
112,"No","3rd","Female",-1.0838047108563,0.432550428041802,-0.47340772456839,-0.35719024566523,"Cherbourg"
113,"No","3rd","Male",-0.532158042257722,-0.474278822276423,-0.47340772456839,-0.486064428445271,"Southampton"
114,"No","3rd","Female",-0.679263820550675,0.432550428041802,-0.47340772456839,-0.450345419914218,"Southampton"
115,"No","3rd","Female",-0.899922487990105,-0.474278822276423,-0.47340772456839,-0.35710773978637,"Cherbourg"
116,"No","3rd","Male",-0.605710931404199,-0.474278822276423,-0.47340772456839,-0.488579851581261,"Southampton"
117,"No","3rd","Male",3.0351570813464,-0.474278822276423,-0.47340772456839,-0.492101443971647,"Queenstown"
118,"No","2nd","Male",-0.0172878182323851,0.432550428041802,-0.47340772456839,-0.225466591556741,"Southampton"
119,"No","1st","Male",-0.385052263964768,-0.474278822276423,0.767198988932891,4.33289869726639,"Cherbourg"
120,"No","3rd","Female",-2.00321582518726,3.15303817899648,2.00780570243417,-0.0186988097783889,"Southampton"
121,"No","2nd","Male",-0.605710931404199,1.33937967836003,-0.47340772456839,0.831011125558925,"Southampton"
122,"No","3rd","Male",-0.311499374818292,-0.474278822276423,-0.47340772456839,-0.486064428445271,"Southampton"
123,"No","2nd","Male",0.240147293780283,0.432550428041802,-0.47340772456839,-0.0429313901012591,"Cherbourg"
124,"Yes","2nd","Female",0.240147293780283,-0.474278822276423,-0.47340772456839,-0.38645367226008,"Southampton"
125,"No","1st","Male",1.82153441042953,-0.474278822276423,0.767198988932891,0.907228446579412,"Southampton"
126,"Yes","3rd","Male",-1.26768693372249,0.432550428041802,-0.47340772456839,-0.421836620260165,"Cherbourg"
127,"No","3rd","Male",-0.0908407073788618,-0.474278822276423,-0.47340772456839,-0.492101443971647,"Queenstown"
128,"Yes","3rd","Male",-0.385052263964768,-0.474278822276423,-0.47340772456839,-0.504342499120627,"Southampton"
129,"Yes","3rd","Female",-1.81933360232106,0.432550428041802,0.767198988932891,-0.198132997591822,"Cherbourg"
130,"No","3rd","Male",1.15955840811124,-0.474278822276423,-0.47340772456839,-0.507697067414783,"Southampton"
131,"No","3rd","Male",0.276923738353522,-0.474278822276423,-0.47340772456839,-0.489167454425828,"Cherbourg"
132,"No","3rd","Male",-0.679263820550675,-0.474278822276423,-0.47340772456839,-0.506187813533189,"Southampton"
133,"No","3rd","Female",1.3066641864042,0.432550428041802,-0.47340772456839,-0.356268594628204,"Southampton"
134,"Yes","2nd","Female",-0.0172878182323851,0.432550428041802,-0.47340772456839,-0.124849666117153,"Southampton"
135,"No","2nd","Male",-0.311499374818292,-0.474278822276423,-0.47340772456839,-0.38645367226008,"Southampton"
136,"No","2nd","Male",-0.458605153111245,-0.474278822276423,-0.47340772456839,-0.345285251047219,"Cherbourg"
137,"Yes","1st","Female",-0.752816709697152,-0.474278822276423,2.00780570243417,-0.119148711121746,"Southampton"
138,"No","1st","Male",0.571135294939428,0.432550428041802,-0.47340772456839,0.420494069765409,"Southampton"
139,"No","3rd","Male",-0.973475377136582,-0.474278822276423,-0.47340772456839,-0.462586475063198,"Southampton"
140,"No","1st","Male",-0.385052263964768,-0.474278822276423,-0.47340772456839,0.945714420560054,"Cherbourg"
141,"No","3rd","Female",-0.991863599423201,-0.474278822276423,2.00780570243417,-0.341260574029635,"Cherbourg"
142,"Yes","3rd","Female",-0.532158042257722,-0.474278822276423,-0.47340772456839,-0.492101443971647,"Southampton"
143,"Yes","3rd","Female",-0.385052263964768,0.432550428041802,-0.47340772456839,-0.329102024759515,"Southampton"
144,"No","3rd","Male",-0.752816709697152,-0.474278822276423,-0.47340772456839,-0.512224829059564,"Queenstown"
145,"No","2nd","Male",-0.826369598843628,-0.474278822276423,-0.47340772456839,-0.416638749891956,"Southampton"
146,"No","2nd","Male",-0.752816709697152,0.432550428041802,0.767198988932891,0.0914767235779591,"Southampton"
147,"Yes","3rd","Male",-0.164393596525338,-0.474278822276423,-0.47340772456839,-0.49117979293462,"Southampton"
148,"No","3rd","Female",-1.48834560116192,1.33937967836003,2.00780570243417,0.0436836839941552,"Southampton"
149,"No","2nd","Male",0.53435885036619,-0.474278822276423,2.00780570243417,-0.124849666117153,"Southampton"
150,"No","2nd","Male",0.938899740671812,-0.474278822276423,-0.47340772456839,-0.38645367226008,"Southampton"
151,"No","2nd","Male",1.6008757429901,-0.474278822276423,-0.47340772456839,-0.396012280176841,"Southampton"
152,"Yes","1st","Female",-0.532158042257722,0.432550428041802,-0.47340772456839,0.692159768452294,"Southampton"
153,"No","3rd","Male",1.93186374414925,-0.474278822276423,-0.47340772456839,-0.486064428445271,"Southampton"
154,"No","3rd","Male",0.828570406952097,-0.474278822276423,2.00780570243417,-0.356268594628204,"Southampton"
155,"No","3rd","Male",-0.0908407073788618,-0.474278822276423,-0.47340772456839,-0.50090542494761,"Southampton"
156,"No","1st","Male",1.6008757429901,-0.474278822276423,0.767198988932891,0.587099599585295,"Cherbourg"
157,"Yes","3rd","Female",-0.973475377136582,-0.474278822276423,-0.47340772456839,-0.492437504502615,"Queenstown"
158,"No","3rd","Male",0.0562650709140916,-0.474278822276423,-0.47340772456839,-0.486064428445271,"Southampton"
159,"No","3rd","Male",-0.0908407073788618,-0.474278822276423,-0.47340772456839,-0.473738855078922,"Southampton"
160,"No","3rd","Male",-1.48834560116192,6.78035518026938,2.00780570243417,0.751523754461651,"Southampton"
161,"No","3rd","Male",1.08600551896477,-0.474278822276423,0.767198988932891,-0.324071178487536,"Southampton"
162,"Yes","2nd","Female",0.791793962378858,-0.474278822276423,-0.47340772456839,-0.331114363268307,"Southampton"
163,"No","3rd","Male",-0.237946485671815,-0.474278822276423,-0.47340772456839,-0.491598359344449,"Southampton"
164,"No","3rd","Male",-0.899922487990105,-0.474278822276423,-0.47340772456839,-0.473738855078922,"Southampton"
165,"No","3rd","Male",-2.07676871433373,3.15303817899648,0.767198988932891,0.150589167273717,"Southampton"
166,"Yes","3rd","Male",-1.48834560116192,-0.474278822276423,2.00780570243417,-0.235025199473501,"Southampton"
167,"Yes","1st","Female",-0.0908407073788618,-0.474278822276423,0.767198988932891,0.458728501432452,"Southampton"
168,"No","3rd","Female",1.15955840811124,0.432550428041802,4.48901912943673,-0.0866152344501103,"Southampton"
169,"No","1st","Male",0.938899740671812,-0.474278822276423,-0.47340772456839,-0.126358919998747,"Southampton"
170,"No","3rd","Male",-0.0908407073788618,-0.474278822276423,-0.47340772456839,0.488829060846959,"Southampton"
171,"No","1st","Male",2.33640463445487,-0.474278822276423,-0.47340772456839,0.0260757220422274,"Southampton"
172,"No","3rd","Male",-1.8561100468943,3.15303817899648,0.767198988932891,-0.0619640877174114,"Queenstown"
173,"Yes","3rd","Female",-2.07676871433373,0.432550428041802,0.767198988932891,-0.424017995203696,"Southampton"
174,"No","3rd","Male",-0.605710931404199,-0.474278822276423,-0.47340772456839,-0.488579851581261,"Southampton"
175,"No","1st","Male",1.96864018872249,-0.474278822276423,-0.47340772456839,-0.0303542744213107,"Cherbourg"
176,"No","3rd","Male",-0.826369598843628,0.432550428041802,0.767198988932891,-0.490004587245486,"Southampton"
177,"No","3rd","Male",-1.23091048914925,2.24620892867825,0.767198988932891,-0.13558146738454,"Southampton"
178,"No","1st","Female",1.52732285384362,-0.474278822276423,-0.47340772456839,-0.0702649840661773,"Cherbourg"
179,"No","2nd","Male",0.0562650709140916,-0.474278822276423,-0.47340772456839,-0.38645367226008,"Southampton"
180,"No","3rd","Male",0.497582405792952,-0.474278822276423,-0.47340772456839,-0.648057678403007,"Southampton"
181,"No","3rd","Female",-1.48834560116192,6.78035518026938,2.00780570243417,0.751523754461651,"Southampton"
182,"No","2nd","Male",0.148206182347187,-0.474278822276423,-0.47340772456839,-0.345200732829849,"Cherbourg"
183,"No","3rd","Male",-1.48834560116192,3.15303817899648,2.00780570243417,-0.0164349289559982,"Southampton"
184,"Yes","2nd","Male",-2.07676871433373,1.33937967836003,0.767198988932891,0.136754340025773,"Southampton"
185,"Yes","3rd","Female",-1.8561100468943,-0.474278822276423,2.00780570243417,-0.204840121841625,"Southampton"
186,"No","1st","Male",1.2147230749711,-0.474278822276423,-0.47340772456839,0.358111575992865,"Southampton"
187,"Yes","3rd","Female",-0.752816709697152,0.432550428041802,-0.47340772456839,-0.336145209540286,"Queenstown"
188,"Yes","1st","Male",1.15955840811124,-0.474278822276423,-0.47340772456839,-0.113781804318799,"Southampton"
189,"No","3rd","Male",0.791793962378858,0.432550428041802,0.767198988932891,-0.336145209540286,"Queenstown"
190,"No","3rd","Male",0.497582405792952,-0.474278822276423,-0.47340772456839,-0.489167454425828,"Southampton"
191,"Yes","2nd","Female",0.203370849207045,-0.474278822276423,-0.47340772456839,-0.38645367226008,"Southampton"
192,"No","2nd","Male",-0.752816709697152,-0.474278822276423,-0.47340772456839,-0.38645367226008,"Southampton"
193,"Yes","3rd","Female",-0.752816709697152,0.432550428041802,-0.47340772456839,-0.490004587245486,"Southampton"
194,"Yes","2nd","Male",-1.92966293604078,0.432550428041802,0.767198988932891,-0.124849666117153,"Southampton"
195,"Yes","1st","Female",1.08600551896477,-0.474278822276423,-0.47340772456839,-0.090221345057865,"Cherbourg"
196,"Yes","1st","Female",2.11574596701544,-0.474278822276423,-0.47340772456839,2.30043680338673,"Cherbourg"
197,"No","3rd","Male",0.166594404633807,-0.474278822276423,-0.47340772456839,-0.492101443971647,"Queenstown"
198,"No","3rd","Male",0.938899740671812,-0.474278822276423,0.767198988932891,-0.478936725447131,"Southampton"
199,"Yes","3rd","Female",-0.56893448683096,-0.474278822276423,-0.47340772456839,-0.492101443971647,"Queenstown"
200,"No","2nd","Female",-0.385052263964768,-0.474278822276423,-0.47340772456839,-0.38645367226008,"Southampton"
201,"No","3rd","Male",-0.0908407073788618,-0.474278822276423,-0.47340772456839,-0.456885520067791,"Southampton"
202,"No","3rd","Male",-1.48834560116192,6.78035518026938,2.00780570243417,0.751523754461651,"Southampton"
203,"No","3rd","Male",0.350476627499998,-0.474278822276423,-0.47340772456839,-0.517340193548913,"Southampton"
204,"No","3rd","Male",1.19633485268448,-0.474278822276423,-0.47340772456839,-0.502666221142803,"Cherbourg"
205,"Yes","3rd","Male",-0.826369598843628,-0.474278822276423,-0.47340772456839,-0.486064428445271,"Southampton"
206,"No","3rd","Female",-2.00321582518726,-0.474278822276423,0.767198988932891,-0.437516761920671,"Southampton"
207,"No","3rd","Male",0.203370849207045,0.432550428041802,-0.47340772456839,-0.329102024759515,"Southampton"
208,"Yes","3rd","Male",-0.237946485671815,-0.474278822276423,-0.47340772456839,-0.269989581063758,"Cherbourg"
209,"Yes","3rd","Female",-0.973475377136582,-0.474278822276423,-0.47340772456839,-0.492101443971647,"Queenstown"
210,"Yes","1st","Male",0.791793962378858,-0.474278822276423,-0.47340772456839,-0.0242327406775662,"Cherbourg"
211,"No","3rd","Male",-0.385052263964768,-0.474278822276423,-0.47340772456839,-0.506187813533189,"Southampton"
212,"Yes","2nd","Female",0.424029516646475,-0.474278822276423,-0.47340772456839,-0.225466591556741,"Southampton"
213,"No","3rd","Male",-0.532158042257722,-0.474278822276423,-0.47340772456839,-0.502163136515605,"Southampton"
214,"No","2nd","Male",0.0562650709140916,-0.474278822276423,-0.47340772456839,-0.38645367226008,"Southampton"
215,"No","3rd","Male",-0.0908407073788618,0.432550428041802,-0.47340772456839,-0.492101443971647,"Queenstown"
216,"Yes","1st","Female",0.129817960060568,0.432550428041802,-0.47340772456839,1.63141876743084,"Cherbourg"
217,"Yes","3rd","Female",-0.164393596525338,-0.474278822276423,-0.47340772456839,-0.488579851581261,"Southampton"
218,"No","2nd","Male",0.938899740671812,0.432550428041802,-0.47340772456839,-0.104726281029236,"Southampton"
219,"Yes","1st","Female",0.203370849207045,-0.474278822276423,-0.47340772456839,0.887189579708864,"Cherbourg"
220,"No","2nd","Male",0.0562650709140916,-0.474278822276423,-0.47340772456839,-0.436762134979874,"Southampton"
221,"Yes","3rd","Male",-0.973475377136582,-0.474278822276423,-0.47340772456839,-0.486064428445271,"Southampton"
222,"No","2nd","Male",-0.164393596525338,-0.474278822276423,-0.47340772456839,-0.38645367226008,"Southampton"
223,"No","3rd","Male",1.6008757429901,-0.474278822276423,-0.47340772456839,-0.486064428445271,"Southampton"
224,"No","3rd","Male",-0.237946485671815,-0.474278822276423,-0.47340772456839,-0.489167454425828,"Southampton"
225,"Yes","1st","Male",0.644688184085905,0.432550428041802,-0.47340772456839,1.16304697950956,"Southampton"
226,"No","3rd","Male",-0.532158042257722,-0.474278822276423,-0.47340772456839,-0.459904027830979,"Southampton"
227,"Yes","2nd","Male",-0.752816709697152,-0.474278822276423,-0.47340772456839,-0.436762134979874,"Southampton"
228,"No","3rd","Male",-0.642487375977437,-0.474278822276423,-0.47340772456839,-0.502163136515605,"Southampton"
229,"No","2nd","Male",-0.826369598843628,-0.474278822276423,-0.47340772456839,-0.38645367226008,"Southampton"
230,"No","3rd","Female",-0.752816709697152,2.24620892867825,0.767198988932891,-0.13558146738454,"Southampton"
231,"Yes","1st","Female",0.424029516646475,0.432550428041802,-0.47340772456839,1.0317418918109,"Southampton"
232,"No","3rd","Male",-0.0172878182323851,-0.474278822276423,-0.47340772456839,-0.491598359344449,"Southampton"
233,"No","2nd","Male",2.18929885616192,-0.474278822276423,-0.47340772456839,-0.376391979716121,"Southampton"
234,"Yes","3rd","Female",-1.78255715774783,3.15303817899648,2.00780570243417,-0.0164349289559982,"Southampton"
235,"No","2nd","Male",-0.385052263964768,-0.474278822276423,-0.47340772456839,-0.436762134979874,"Southampton"
236,"No","3rd","Female",-0.34827581939153,-0.474278822276423,-0.47340772456839,-0.49612612098923,"Southampton"
237,"No","2nd","Male",1.08600551896477,0.432550428041802,-0.47340772456839,-0.124849666117153,"Southampton"
238,"Yes","2nd","Female",-1.5618984903084,-0.474278822276423,2.00780570243417,-0.119818819845174,"Southampton"
239,"No","2nd","Male",-0.752816709697152,-0.474278822276423,-0.47340772456839,-0.436762134979874,"Southampton"
240,"No","2nd","Male",0.276923738353522,-0.474278822276423,-0.47340772456839,-0.40104312644882,"Southampton"
241,"No","3rd","Female",-0.495381597684483,0.432550428041802,-0.47340772456839,-0.35719024566523,"Cherbourg"
242,"Yes","3rd","Female",-0.642487375977437,0.432550428041802,-0.47340772456839,-0.336145209540286,"Queenstown"
243,"No","2nd","Male",-0.0172878182323851,-0.474278822276423,-0.47340772456839,-0.436762134979874,"Southampton"
244,"No","3rd","Male",-0.532158042257722,-0.474278822276423,-0.47340772456839,-0.504678559651595,"Southampton"
245,"No","3rd","Male",0.0562650709140916,-0.474278822276423,-0.47340772456839,-0.502666221142803,"Cherbourg"
246,"No","1st","Male",1.08600551896477,1.33937967836003,-0.47340772456839,1.16304697950956,"Queenstown"
247,"No","3rd","Female",-0.311499374818292,-0.474278822276423,-0.47340772456839,-0.491598359344449,"Southampton"
248,"Yes","2nd","Female",-0.385052263964768,-0.474278822276423,2.00780570243417,-0.356268594628204,"Southampton"
249,"Yes","1st","Male",0.571135294939428,0.432550428041802,0.767198988932891,0.409510726184424,"Southampton"
250,"No","2nd","Male",1.82153441042953,0.432550428041802,-0.47340772456839,-0.124849666117153,"Southampton"
251,"No","3rd","Male",-0.532158042257722,-0.474278822276423,-0.47340772456839,-0.502163136515605,"Southampton"
252,"No","3rd","Female",-0.0172878182323851,0.432550428041802,0.767198988932891,-0.437516761920671,"Southampton"
253,"No","1st","Male",2.40995752360134,-0.474278822276423,-0.47340772456839,-0.113781804318799,"Southampton"
254,"No","3rd","Male",0.0562650709140916,0.432550428041802,-0.47340772456839,-0.324071178487536,"Southampton"
255,"No","3rd","Female",0.865346851525335,-0.474278822276423,2.00780570243417,-0.241313757313476,"Southampton"
256,"Yes","3rd","Female",-0.0172878182323851,-0.474278822276423,2.00780570243417,-0.341260574029635,"Cherbourg"
257,"Yes","1st","Female",0.0562650709140916,-0.474278822276423,-0.47340772456839,0.945714420560054,"Cherbourg"
258,"Yes","1st","Female",0.0562650709140916,-0.474278822276423,-0.47340772456839,1.09261513170185,"Southampton"
259,"Yes","1st","Female",0.424029516646475,-0.474278822276423,-0.47340772456839,9.66174010498166,"Cherbourg"
260,"Yes","2nd","Female",1.52732285384362,-0.474278822276423,0.767198988932891,-0.124849666117153,"Southampton"
261,"No","3rd","Male",0.166594404633807,-0.474278822276423,-0.47340772456839,-0.492101443971647,"Queenstown"
262,"Yes","3rd","Male",-1.92966293604078,3.15303817899648,2.00780570243417,-0.0164349289559982,"Southampton"
263,"No","1st","Male",1.67442863213658,0.432550428041802,0.767198988932891,0.954769943849617,"Southampton"
264,"No","1st","Male",0.791793962378858,-0.474278822276423,-0.47340772456839,-0.648057678403007,"Southampton"
265,"No","3rd","Female",-0.34827581939153,-0.474278822276423,-0.47340772456839,-0.492101443971647,"Queenstown"
266,"No","2nd","Male",0.497582405792952,-0.474278822276423,-0.47340772456839,-0.436762134979874,"Southampton"
267,"No","3rd","Male",-0.973475377136582,3.15303817899648,0.767198988932891,0.150589167273717,"Southampton"
268,"Yes","3rd","Male",-0.311499374818292,0.432550428041802,-0.47340772456839,-0.491598359344449,"Southampton"
269,"Yes","1st","Female",2.11574596701544,-0.474278822276423,0.767198988932891,2.44012730565152,"Southampton"
270,"Yes","1st","Female",0.424029516646475,-0.474278822276423,-0.47340772456839,2.08134344824203,"Southampton"
271,"No","1st","Male",0.718241073232382,-0.474278822276423,-0.47340772456839,-0.0242327406775662,"Southampton"
272,"Yes","3rd","Male",-0.311499374818292,-0.474278822276423,-0.47340772456839,-0.648057678403007,"Southampton"
273,"Yes","2nd","Female",0.865346851525335,-0.474278822276423,0.767198988932891,-0.255651669188617,"Southampton"
274,"No","1st","Male",0.571135294939428,-0.474278822276423,0.767198988932891,-0.0503931412918589,"Cherbourg"
275,"Yes","3rd","Female",-0.532158042257722,-0.474278822276423,-0.47340772456839,-0.492101443971647,"Queenstown"
276,"Yes","1st","Female",2.48351041274782,0.432550428041802,-0.47340772456839,0.920727213296387,"Southampton"
277,"No","3rd","Female",1.15955840811124,-0.474278822276423,-0.47340772456839,-0.492101443971647,"Southampton"
278,"No","2nd","Male",0.0194886263408532,-0.474278822276423,-0.47340772456839,-0.648057678403007,"Southampton"
279,"No","3rd","Male",-1.63545137945487,3.15303817899648,0.767198988932891,-0.0619640877174114,"Queenstown"
280,"Yes","3rd","Female",0.424029516646475,0.432550428041802,0.767198988932891,-0.240559130372679,"Southampton"
281,"No","3rd","Male",2.63061619104078,-0.474278822276423,-0.47340772456839,-0.492101443971647,"Queenstown"
282,"No","3rd","Male",-0.0908407073788618,-0.474278822276423,-0.47340772456839,-0.490004587245486,"Southampton"
283,"No","3rd","Male",-0.973475377136582,-0.474278822276423,-0.47340772456839,-0.456885520067791,"Southampton"
284,"Yes","3rd","Male",-0.752816709697152,-0.474278822276423,-0.47340772456839,-0.486064428445271,"Southampton"
285,"No","1st","Male",1.6008757429901,-0.474278822276423,-0.47340772456839,-0.124849666117153,"Southampton"
286,"No","3rd","Male",0.276923738353522,-0.474278822276423,-0.47340772456839,-0.473738855078922,"Cherbourg"
287,"Yes","3rd","Male",0.0562650709140916,-0.474278822276423,-0.47340772456839,-0.456885520067791,"Southampton"
288,"No","3rd","Male",-0.532158042257722,-0.474278822276423,-0.47340772456839,-0.489167454425828,"Southampton"
289,"Yes","2nd","Male",0.938899740671812,-0.474278822276423,-0.47340772456839,-0.38645367226008,"Southampton"
290,"Yes","3rd","Female",-0.532158042257722,-0.474278822276423,-0.47340772456839,-0.492101443971647,"Queenstown"
291,"Yes","1st","Female",-0.237946485671815,-0.474278822276423,-0.47340772456839,0.938671235779283,"Southampton"
292,"Yes","1st","Female",-0.752816709697152,0.432550428041802,-0.47340772456839,1.18476413669644,"Cherbourg"
293,"No","2nd","Male",0.497582405792952,-0.474278822276423,-0.47340772456839,-0.38896909539607,"Cherbourg"
294,"No","3rd","Female",-0.385052263964768,-0.474278822276423,-0.47340772456839,-0.469965720374937,"Southampton"
295,"No","3rd","Male",-0.385052263964768,-0.474278822276423,-0.47340772456839,-0.489167454425828,"Southampton"
296,"No","1st","Male",0.0194886263408532,-0.474278822276423,-0.47340772456839,-0.090221345057865,"Cherbourg"
297,"No","3rd","Male",-0.421828708538007,-0.474278822276423,-0.47340772456839,-0.502581702925434,"Cherbourg"
298,"No","1st","Female",-2.00321582518726,0.432550428041802,2.00780570243417,2.40164133167088,"Southampton"
299,"Yes","1st","Male",0.497582405792952,-0.474278822276423,-0.47340772456839,-0.0342944332215249,"Southampton"
300,"Yes","1st","Female",1.52732285384362,-0.474278822276423,0.767198988932891,4.33289869726639,"Cherbourg"
301,"Yes","3rd","Female",-0.532158042257722,-0.474278822276423,-0.47340772456839,-0.492101443971647,"Queenstown"
302,"Yes","3rd","Male",-0.311499374818292,1.33937967836003,-0.47340772456839,-0.180188975108926,"Queenstown"
303,"No","3rd","Male",-0.752816709697152,-0.474278822276423,-0.47340772456839,-0.648057678403007,"Southampton"
304,"Yes","2nd","Female",-0.458605153111245,-0.474278822276423,-0.47340772456839,-0.399533872567226,"Queenstown"
305,"No","3rd","Male",-0.274722930245053,-0.474278822276423,-0.47340772456839,-0.486064428445271,"Southampton"
306,"Yes","1st","Male",-2.08265294546545,0.432550428041802,2.00780570243417,2.40164133167088,"Southampton"
307,"Yes","1st","Female",0.240147293780283,-0.474278822276423,-0.47340772456839,1.58328966731607,"Cherbourg"
308,"Yes","1st","Female",-0.899922487990105,0.432550428041802,-0.47340772456839,1.5433789576712,"Cherbourg"
309,"No","2nd","Male",0.0562650709140916,0.432550428041802,-0.47340772456839,-0.165096436292988,"Cherbourg"
310,"Yes","1st","Female",0.0562650709140916,-0.474278822276423,-0.47340772456839,0.497550535944063,"Cherbourg"
311,"Yes","1st","Female",-0.385052263964768,-0.474278822276423,-0.47340772456839,1.02536881575356,"Cherbourg"
312,"Yes","1st","Female",-0.826369598843628,1.33937967836003,2.00780570243417,4.63181548403933,"Cherbourg"
313,"No","2nd","Female",-0.237946485671815,0.432550428041802,0.767198988932891,-0.124849666117153,"Southampton"
314,"No","3rd","Male",-0.0908407073788618,-0.474278822276423,-0.47340772456839,-0.489167454425828,"Southampton"
315,"No","2nd","Male",1.01245262981829,0.432550428041802,0.767198988932891,-0.119818819845174,"Southampton"
316,"Yes","3rd","Female",-0.237946485671815,-0.474278822276423,-0.47340772456839,-0.490004587245486,"Southampton"
317,"Yes","2nd","Female",-0.385052263964768,0.432550428041802,-0.47340772456839,-0.124849666117153,"Southampton"
318,"No","2nd","Male",1.82153441042953,-0.474278822276423,-0.47340772456839,-0.366330287172163,"Southampton"
319,"Yes","1st","Female",0.129817960060568,-0.474278822276423,2.00780570243417,2.66961841387115,"Southampton"
320,"Yes","1st","Female",0.791793962378858,0.432550428041802,0.767198988932891,2.05853761592189,"Cherbourg"
321,"No","3rd","Male",-0.532158042257722,-0.474278822276423,-0.47340772456839,-0.502163136515605,"Southampton"
322,"No","3rd","Male",-0.164393596525338,-0.474278822276423,-0.47340772456839,-0.489167454425828,"Southampton"
323,"Yes","2nd","Female",0.0562650709140916,-0.474278822276423,-0.47340772456839,-0.399533872567226,"Queenstown"
324,"Yes","2nd","Female",-0.532158042257722,0.432550428041802,0.767198988932891,-0.064479510853401,"Southampton"
325,"No","3rd","Male",-1.48834560116192,6.78035518026938,2.00780570243417,0.751523754461651,"Southampton"
326,"Yes","1st","Female",0.497582405792952,-0.474278822276423,-0.47340772456839,2.08134344824203,"Cherbourg"
327,"No","3rd","Male",2.33640463445487,-0.474278822276423,-0.47340772456839,-0.522538063917122,"Southampton"
328,"Yes","2nd","Female",0.497582405792952,-0.474278822276423,-0.47340772456839,-0.38645367226008,"Southampton"
329,"Yes","3rd","Female",0.129817960060568,0.432550428041802,0.767198988932891,-0.235025199473501,"Southampton"
330,"Yes","1st","Female",-0.973475377136582,-0.474278822276423,0.767198988932891,0.518680090286376,"Cherbourg"
331,"Yes","3rd","Female",-0.752816709697152,1.33937967836003,-0.47340772456839,-0.180188975108926,"Queenstown"
332,"No","1st","Male",1.19633485268448,-0.474278822276423,-0.47340772456839,-0.0745412033973598,"Southampton"
333,"No","1st","Male",0.644688184085905,-0.474278822276423,0.767198988932891,2.44012730565152,"Southampton"
334,"No","3rd","Male",-0.973475377136582,1.33937967836003,-0.47340772456839,-0.285836746820493,"Southampton"
335,"Yes","1st","Female",-0.0172878182323851,0.432550428041802,-0.47340772456839,2.04143273859716,"Southampton"
336,"No","3rd","Male",-0.0908407073788618,-0.474278822276423,-0.47340772456839,-0.489167454425828,"Southampton"
337,"No","1st","Male",-0.0172878182323851,0.432550428041802,-0.47340772456839,0.692159768452294,"Southampton"
338,"Yes","1st","Female",0.865346851525335,-0.474278822276423,-0.47340772456839,2.05853761592189,"Cherbourg"
339,"Yes","3rd","Male",1.15955840811124,-0.474278822276423,-0.47340772456839,-0.486064428445271,"Southampton"
340,"No","1st","Male",1.15955840811124,-0.474278822276423,-0.47340772456839,0.0663224922180623,"Southampton"
341,"Yes","2nd","Male",-2.00321582518726,0.432550428041802,0.767198988932891,-0.124849666117153,"Southampton"
342,"Yes","1st","Female",-0.385052263964768,2.24620892867825,2.00780570243417,4.64439259971928,"Southampton"
343,"No","2nd","Male",-0.0908407073788618,-0.474278822276423,-0.47340772456839,-0.38645367226008,"Southampton"
344,"No","2nd","Male",-0.311499374818292,-0.474278822276423,-0.47340772456839,-0.38645367226008,"Southampton"
345,"No","2nd","Male",0.497582405792952,-0.474278822276423,-0.47340772456839,-0.38645367226008,"Southampton"
346,"Yes","2nd","Female",-0.385052263964768,-0.474278822276423,-0.47340772456839,-0.38645367226008,"Southampton"
347,"Yes","2nd","Female",0.791793962378858,-0.474278822276423,-0.47340772456839,-0.38645367226008,"Southampton"
348,"Yes","3rd","Female",-0.1276171519521,0.432550428041802,-0.47340772456839,-0.324071178487536,"Southampton"
349,"Yes","3rd","Male",-1.92966293604078,0.432550428041802,0.767198988932891,-0.328095855505119,"Southampton"
350,"No","3rd","Male",0.938899740671812,-0.474278822276423,-0.47340772456839,-0.473738855078922,"Southampton"
351,"No","3rd","Male",-0.458605153111245,-0.474278822276423,-0.47340772456839,-0.462419450966968,"Southampton"
352,"No","1st","Male",1.3066641864042,-0.474278822276423,-0.47340772456839,0.0562607996741036,"Southampton"
353,"No","3rd","Male",-1.04702826628306,0.432550428041802,0.767198988932891,-0.502581702925434,"Cherbourg"
354,"No","3rd","Male",-0.311499374818292,0.432550428041802,-0.47340772456839,-0.289861423838076,"Southampton"
355,"No","3rd","Male",-0.237946485671815,-0.474278822276423,-0.47340772456839,-0.502666221142803,"Cherbourg"
356,"No","3rd","Male",-0.0908407073788618,-0.474278822276423,-0.47340772456839,-0.456885520067791,"Southampton"
357,"Yes","1st","Female",-0.532158042257722,-0.474278822276423,0.767198988932891,0.458728501432452,"Southampton"
358,"No","2nd","Female",0.644688184085905,-0.474278822276423,-0.47340772456839,-0.38645367226008,"Southampton"
359,"Yes","3rd","Female",-0.532158042257722,-0.474278822276423,-0.47340772456839,-0.489501502618288,"Queenstown"
360,"Yes","3rd","Female",-0.56893448683096,-0.474278822276423,-0.47340772456839,-0.489501502618288,"Queenstown"
361,"No","3rd","Male",0.791793962378858,0.432550428041802,4.48901912943673,-0.0866152344501103,"Southampton"
362,"No","2nd","Male",-0.0172878182323851,0.432550428041802,-0.47340772456839,-0.090221345057865,"Cherbourg"
363,"No","3rd","Female",1.15955840811124,-0.474278822276423,0.767198988932891,-0.35719024566523,"Cherbourg"
364,"No","3rd","Male",0.424029516646475,-0.474278822276423,-0.47340772456839,-0.506187813533189,"Southampton"
365,"No","3rd","Male",-0.0908407073788618,0.432550428041802,-0.47340772456839,-0.336145209540286,"Queenstown"
366,"No","3rd","Male",0.0562650709140916,-0.474278822276423,-0.47340772456839,-0.502163136515605,"Southampton"
367,"Yes","1st","Female",2.26285174530839,0.432550428041802,-0.47340772456839,0.86622704946278,"Cherbourg"
368,"Yes","3rd","Female",-1.15735760000277,-0.474278822276423,-0.47340772456839,-0.502581702925434,"Cherbourg"
369,"Yes","3rd","Female",-0.56893448683096,-0.474278822276423,-0.47340772456839,-0.492101443971647,"Queenstown"
370,"Yes","1st","Female",-0.385052263964768,-0.474278822276423,-0.47340772456839,0.746492908189672,"Cherbourg"
371,"Yes","1st","Male",-0.311499374818292,0.432550428041802,-0.47340772456839,0.467617000625785,"Cherbourg"
372,"No","3rd","Male",-0.826369598843628,0.432550428041802,-0.47340772456839,-0.517340193548913,"Southampton"
373,"No","3rd","Male",-0.752816709697152,-0.474278822276423,-0.47340772456839,-0.486064428445271,"Southampton"
374,"No","1st","Male",-0.532158042257722,-0.474278822276423,-0.47340772456839,2.08134344824203,"Cherbourg"
375,"No","3rd","Female",-1.92966293604078,2.24620892867825,0.767198988932891,-0.223957337675147,"Southampton"
376,"Yes","1st","Female",0.240147293780283,0.432550428041802,-0.47340772456839,1.00549697297924,"Cherbourg"
377,"Yes","3rd","Female",-0.532158042257722,-0.474278822276423,-0.47340772456839,-0.502163136515605,"Southampton"
378,"No","1st","Male",-0.164393596525338,-0.474278822276423,2.00780570243417,3.60803826769153,"Cherbourg"
379,"No","3rd","Male",-0.679263820550675,-0.474278822276423,-0.47340772456839,-0.567312595737738,"Cherbourg"
380,"No","3rd","Male",-0.752816709697152,-0.474278822276423,-0.47340772456839,-0.491598359344449,"Southampton"
381,"Yes","1st","Female",0.938899740671812,-0.474278822276423,-0.47340772456839,3.93051551372541,"Cherbourg"
382,"Yes","3rd","Female",-2.07676871433373,-0.474278822276423,2.00780570243417,-0.331281387364537,"Cherbourg"
383,"No","3rd","Male",0.203370849207045,-0.474278822276423,-0.47340772456839,-0.488579851581261,"Southampton"
384,"Yes","1st","Female",0.424029516646475,0.432550428041802,-0.47340772456839,0.3983583461687,"Southampton"
385,"No","3rd","Male",-0.385052263964768,-0.474278822276423,-0.47340772456839,-0.489167454425828,"Southampton"
386,"No","2nd","Male",-0.826369598843628,-0.474278822276423,-0.47340772456839,0.831011125558925,"Southampton"
387,"No","3rd","Male",-2.07676871433373,4.05986742931471,2.00780570243417,0.295729082220321,"Southampton"
388,"Yes","2nd","Female",0.497582405792952,-0.474278822276423,-0.47340772456839,-0.38645367226008,"Southampton"
389,"No","3rd","Male",0.497582405792952,-0.474278822276423,-0.47340772456839,-0.492520010381475,"Queenstown"
390,"Yes","2nd","Female",-0.899922487990105,-0.474278822276423,-0.47340772456839,-0.406577057347997,"Cherbourg"
391,"Yes","1st","Male",0.497582405792952,0.432550428041802,2.00780570243417,1.76674853214709,"Southampton"
392,"Yes","3rd","Male",-0.605710931404199,-0.474278822276423,-0.47340772456839,-0.49117979293462,"Southampton"
393,"No","3rd","Male",-0.0908407073788618,1.33937967836003,-0.47340772456839,-0.488579851581261,"Southampton"
394,"Yes","1st","Female",-0.458605153111245,0.432550428041802,-0.47340772456839,1.63141876743084,"Cherbourg"
395,"Yes","3rd","Female",-0.385052263964768,-0.474278822276423,2.00780570243417,-0.311997147434786,"Southampton"
396,"No","3rd","Male",-0.532158042257722,-0.474278822276423,-0.47340772456839,-0.49117979293462,"Southampton"
397,"No","3rd","Female",0.129817960060568,-0.474278822276423,-0.47340772456839,-0.490004587245486,"Southampton"
398,"No","2nd","Male",1.23311129725772,-0.474278822276423,-0.47340772456839,-0.124849666117153,"Southampton"
399,"No","2nd","Male",-0.458605153111245,-0.474278822276423,-0.47340772456839,-0.436762134979874,"Southampton"
400,"Yes","2nd","Female",-0.0908407073788618,-0.474278822276423,-0.47340772456839,-0.393496857040851,"Southampton"
401,"Yes","3rd","Male",0.718241073232382,-0.474278822276423,-0.47340772456839,-0.488579851581261,"Southampton"
402,"No","3rd","Male",-0.237946485671815,-0.474278822276423,-0.47340772456839,-0.486064428445271,"Southampton"
403,"No","3rd","Female",-0.605710931404199,0.432550428041802,-0.47340772456839,-0.450345419914218,"Southampton"
404,"No","3rd","Male",-0.0908407073788618,0.432550428041802,-0.47340772456839,-0.329102024759515,"Southampton"
405,"No","3rd","Female",-0.679263820550675,-0.474278822276423,-0.47340772456839,-0.473738855078922,"Southampton"
406,"No","2nd","Male",0.350476627499998,0.432550428041802,-0.47340772456839,-0.225466591556741,"Southampton"
407,"No","3rd","Male",1.6008757429901,-0.474278822276423,-0.47340772456839,-0.492101443971647,"Southampton"
408,"Yes","2nd","Male",-1.92966293604078,0.432550428041802,0.767198988932891,-0.270744208004555,"Southampton"
409,"No","3rd","Male",-0.605710931404199,-0.474278822276423,-0.47340772456839,-0.491598359344449,"Southampton"
410,"No","3rd","Female",-1.45156915658868,2.24620892867825,0.767198988932891,-0.13558146738454,"Southampton"
411,"No","3rd","Male",-0.385052263964768,-0.474278822276423,-0.47340772456839,-0.489167454425828,"Southampton"
412,"No","3rd","Male",0.497582405792952,-0.474278822276423,-0.47340772456839,-0.510045466454543,"Queenstown"
413,"Yes","1st","Female",0.276923738353522,0.432550428041802,-0.47340772456839,1.16304697950956,"Queenstown"
414,"No","2nd","Male",0.0930415154873299,-0.474278822276423,-0.47340772456839,-0.648057678403007,"Southampton"
415,"Yes","3rd","Male",1.08600551896477,-0.474278822276423,-0.47340772456839,-0.488579851581261,"Southampton"
416,"No","3rd","Female",-0.34827581939153,-0.474278822276423,-0.47340772456839,-0.486064428445271,"Southampton"
417,"Yes","2nd","Female",0.350476627499998,0.432550428041802,0.767198988932891,0.00595233695430998,"Southampton"
418,"Yes","2nd","Female",-0.826369598843628,-0.474278822276423,2.00780570243417,-0.38645367226008,"Southampton"
419,"No","2nd","Male",0.0562650709140916,-0.474278822276423,-0.47340772456839,-0.38645367226008,"Southampton"
420,"No","3rd","Female",-1.41479271201544,-0.474278822276423,2.00780570243417,-0.162077928529801,"Southampton"
421,"No","3rd","Male",0.166594404633807,-0.474278822276423,-0.47340772456839,-0.489167454425828,"Cherbourg"
422,"No","3rd","Male",-0.605710931404199,-0.474278822276423,-0.47340772456839,-0.492437504502615,"Queenstown"
423,"No","3rd","Male",-0.0172878182323851,-0.474278822276423,-0.47340772456839,-0.489586020835657,"Southampton"
424,"No","3rd","Female",-0.0908407073788618,0.432550428041802,0.767198988932891,-0.358280933136996,"Southampton"
425,"No","3rd","Male",-0.826369598843628,0.432550428041802,0.767198988932891,-0.241313757313476,"Southampton"
426,"No","3rd","Male",-0.274722930245053,-0.474278822276423,-0.47340772456839,-0.502163136515605,"Southampton"
427,"Yes","2nd","Female",-0.0908407073788618,0.432550428041802,-0.47340772456839,-0.124849666117153,"Southampton"
428,"Yes","2nd","Female",-0.752816709697152,-0.474278822276423,-0.47340772456839,-0.124849666117153,"Southampton"
429,"No","3rd","Male",0.166594404633807,-0.474278822276423,-0.47340772456839,-0.492101443971647,"Queenstown"
430,"Yes","3rd","Male",0.203370849207045,-0.474278822276423,-0.47340772456839,-0.486064428445271,"Southampton"
431,"Yes","1st","Male",-0.0908407073788618,-0.474278822276423,-0.47340772456839,-0.113781804318799,"Southampton"
432,"Yes","3rd","Female",-0.311499374818292,0.432550428041802,-0.47340772456839,-0.324071178487536,"Southampton"
433,"Yes","2nd","Female",0.938899740671812,0.432550428041802,-0.47340772456839,-0.124849666117153,"Southampton"
434,"No","3rd","Male",-0.899922487990105,-0.474278822276423,-0.47340772456839,-0.504678559651595,"Southampton"
435,"No","1st","Male",1.52732285384362,0.432550428041802,-0.47340772456839,0.476839548011578,"Southampton"
436,"Yes","1st","Female",-1.12058115542954,0.432550428041802,2.00780570243417,1.76674853214709,"Southampton"
437,"No","3rd","Female",-0.605710931404199,1.33937967836003,2.00780570243417,0.0436836839941552,"Southampton"
438,"Yes","2nd","Female",-0.385052263964768,1.33937967836003,3.24841241593545,-0.270744208004555,"Southampton"
439,"No","1st","Male",2.5570633018943,0.432550428041802,4.48901912943673,4.64439259971928,"Southampton"
440,"No","2nd","Male",0.129817960060568,-0.474278822276423,-0.47340772456839,-0.436762134979874,"Southampton"
441,"Yes","2nd","Female",1.15955840811124,0.432550428041802,0.767198988932891,-0.119818819845174,"Southampton"
442,"No","3rd","Male",-0.679263820550675,-0.474278822276423,-0.47340772456839,-0.456885520067791,"Southampton"
443,"No","3rd","Male",-0.311499374818292,0.432550428041802,-0.47340772456839,-0.491598359344449,"Southampton"
444,"Yes","2nd","Female",-0.0908407073788618,-0.474278822276423,-0.47340772456839,-0.38645367226008,"Southampton"
445,"Yes","3rd","Male",0.129817960060568,-0.474278822276423,-0.47340772456839,-0.484806716877277,"Southampton"
446,"Yes","1st","Male",-1.8561100468943,-0.474278822276423,2.00780570243417,0.999208415139265,"Southampton"
447,"Yes","2nd","Female",-1.19413404457601,-0.474278822276423,0.767198988932891,-0.255651669188617,"Southampton"
448,"Yes","1st","Male",0.350476627499998,-0.474278822276423,-0.47340772456839,-0.113781804318799,"Southampton"
449,"Yes","3rd","Female",-1.78255715774783,1.33937967836003,0.767198988932891,-0.260515491364366,"Cherbourg"
450,"Yes","1st","Male",1.67442863213658,-0.474278822276423,-0.47340772456839,-0.0342944332215249,"Southampton"
451,"No","2nd","Male",0.497582405792952,0.432550428041802,2.00780570243417,-0.0896337422132979,"Southampton"
452,"No","3rd","Male",-0.0540642628056234,0.432550428041802,-0.47340772456839,-0.246260085368086,"Southampton"
453,"No","1st","Male",0.0562650709140916,-0.474278822276423,-0.47340772456839,-0.0896337422132979,"Cherbourg"
454,"Yes","1st","Male",1.45376996469715,0.432550428041802,-0.47340772456839,1.14502045114781,"Cherbourg"
455,"No","3rd","Male",0.0194886263408532,-0.474278822276423,-0.47340772456839,-0.486064428445271,"Southampton"
456,"Yes","3rd","Male",-0.0172878182323851,-0.474278822276423,-0.47340772456839,-0.489167454425828,"Cherbourg"
457,"No","1st","Male",2.63061619104078,-0.474278822276423,-0.47340772456839,-0.113781804318799,"Southampton"
458,"Yes","1st","Female",0.424029516646475,0.432550428041802,-0.47340772456839,0.395591380719111,"Southampton"
459,"Yes","2nd","Female",1.52732285384362,-0.474278822276423,-0.47340772456839,-0.436762134979874,"Southampton"
460,"No","3rd","Male",0.497582405792952,-0.474278822276423,-0.47340772456839,-0.492101443971647,"Queenstown"
461,"Yes","1st","Male",1.38021707555067,-0.474278822276423,-0.47340772456839,-0.113781804318799,"Southampton"
462,"No","3rd","Male",0.350476627499998,-0.474278822276423,-0.47340772456839,-0.486064428445271,"Southampton"
463,"No","1st","Male",1.3066641864042,-0.474278822276423,-0.47340772456839,0.126692647481815,"Southampton"
464,"No","2nd","Male",1.38021707555067,-0.474278822276423,-0.47340772456839,-0.38645367226008,"Southampton"
465,"No","3rd","Male",-0.237946485671815,-0.474278822276423,-0.47340772456839,-0.486064428445271,"Southampton"
466,"No","3rd","Male",0.644688184085905,-0.474278822276423,-0.47340772456839,-0.506187813533189,"Southampton"
467,"No","2nd","Male",0.0930415154873299,-0.474278822276423,-0.47340772456839,-0.648057678403007,"Southampton"
468,"No","1st","Male",1.96864018872249,-0.474278822276423,-0.47340772456839,-0.113781804318799,"Southampton"
469,"No","3rd","Male",0.497582405792952,-0.474278822276423,-0.47340772456839,-0.492604528598845,"Queenstown"
470,"Yes","3rd","Female",-2.09515693662035,1.33937967836003,0.767198988932891,-0.260515491364366,"Cherbourg"
471,"No","3rd","Male",0.203370849207045,-0.474278822276423,-0.47340772456839,-0.502163136515605,"Southampton"
472,"No","3rd","Male",0.644688184085905,-0.474278822276423,-0.47340772456839,-0.473738855078922,"Southampton"
473,"Yes","2nd","Female",0.276923738353522,0.432550428041802,2.00780570243417,-0.0896337422132979,"Southampton"
474,"Yes","2nd","Female",-0.458605153111245,-0.474278822276423,-0.47340772456839,-0.370521988285976,"Cherbourg"
475,"No","3rd","Female",-0.532158042257722,-0.474278822276423,-0.47340772456839,-0.450093877600619,"Southampton"
476,"No","1st","Male",1.71120507670982,-0.474278822276423,-0.47340772456839,0.3983583461687,"Southampton"
477,"No","2nd","Male",0.350476627499998,0.432550428041802,-0.47340772456839,-0.225466591556741,"Southampton"
478,"No","3rd","Male",-0.0172878182323851,0.432550428041802,-0.47340772456839,-0.506272331750558,"Southampton"
479,"No","3rd","Male",-0.532158042257722,-0.474278822276423,-0.47340772456839,-0.496713723833797,"Southampton"
480,"Yes","3rd","Female",-2.00321582518726,-0.474278822276423,0.767198988932891,-0.400791584135221,"Southampton"
481,"No","3rd","Male",-1.48834560116192,4.05986742931471,2.00780570243417,0.295729082220321,"Southampton"
482,"No","2nd","Male",0.240147293780283,-0.474278822276423,-0.47340772456839,-0.648057678403007,"Southampton"
483,"No","3rd","Male",1.52732285384362,-0.474278822276423,-0.47340772456839,-0.486064428445271,"Southampton"
484,"Yes","3rd","Female",2.48351041274782,-0.474278822276423,-0.47340772456839,-0.455124723872598,"Southampton"
485,"Yes","1st","Male",-0.311499374818292,0.432550428041802,-0.47340772456839,1.18476413669644,"Cherbourg"
486,"No","3rd","Female",-1.41479271201544,2.24620892867825,0.767198988932891,-0.13558146738454,"Southampton"
487,"Yes","1st","Female",0.424029516646475,0.432550428041802,-0.47340772456839,1.16304697950956,"Southampton"
488,"No","1st","Male",2.11574596701544,-0.474278822276423,-0.47340772456839,-0.0503931412918589,"Cherbourg"
489,"No","3rd","Male",0.0562650709140916,-0.474278822276423,-0.47340772456839,-0.486064428445271,"Southampton"
490,"Yes","3rd","Male",-1.48834560116192,0.432550428041802,0.767198988932891,-0.328095855505119,"Southampton"
491,"No","3rd","Male",-0.0908407073788618,0.432550428041802,-0.47340772456839,-0.246260085368086,"Southampton"
492,"No","3rd","Male",-0.605710931404199,-0.474278822276423,-0.47340772456839,-0.502163136515605,"Southampton"
493,"No","1st","Male",1.89508729957601,-0.474278822276423,-0.47340772456839,-0.0342944332215249,"Southampton"
494,"No","1st","Male",3.07193352591963,-0.474278822276423,-0.47340772456839,0.348134401666276,"Cherbourg"
495,"No","3rd","Male",-0.605710931404199,-0.474278822276423,-0.47340772456839,-0.486064428445271,"Southampton"
496,"No","3rd","Male",-0.237946485671815,-0.474278822276423,-0.47340772456839,-0.35710773978637,"Cherbourg"
497,"Yes","1st","Female",1.82153441042953,0.432550428041802,-0.47340772456839,0.926933265257501,"Cherbourg"
498,"No","3rd","Male",-0.385052263964768,-0.474278822276423,-0.47340772456839,-0.344194563575453,"Southampton"
499,"No","1st","Female",-0.311499374818292,0.432550428041802,2.00780570243417,2.40164133167088,"Southampton"
500,"No","3rd","Male",-0.385052263964768,-0.474278822276423,-0.47340772456839,-0.49117979293462,"Southampton"
501,"No","3rd","Male",-0.899922487990105,-0.474278822276423,-0.47340772456839,-0.473738855078922,"Southampton"
502,"No","3rd","Female",-0.605710931404199,-0.474278822276423,-0.47340772456839,-0.492101443971647,"Queenstown"
503,"No","3rd","Female",-0.237946485671815,-0.474278822276423,-0.47340772456839,-0.494532348890267,"Queenstown"
504,"No","3rd","Female",0.571135294939428,-0.474278822276423,-0.47340772456839,-0.455124723872598,"Southampton"
505,"Yes","1st","Female",-0.973475377136582,-0.474278822276423,-0.47340772456839,1.09261513170185,"Southampton"
506,"No","1st","Male",-0.826369598843628,0.432550428041802,-0.47340772456839,1.5433789576712,"Cherbourg"
507,"Yes","2nd","Female",0.276923738353522,-0.474278822276423,2.00780570243417,-0.124849666117153,"Southampton"
508,"Yes","1st","Male",0.276923738353522,-0.474278822276423,-0.47340772456839,-0.113781804318799,"Southampton"
509,"No","3rd","Male",-0.0908407073788618,-0.474278822276423,-0.47340772456839,-0.194778429297666,"Southampton"
510,"Yes","3rd","Male",-0.237946485671815,-0.474278822276423,-0.47340772456839,0.488829060846959,"Southampton"
511,"Yes","3rd","Male",-0.0172878182323851,-0.474278822276423,-0.47340772456839,-0.492101443971647,"Queenstown"
512,"No","3rd","Male",-0.385052263964768,-0.474278822276423,-0.47340772456839,-0.486064428445271,"Southampton"
513,"Yes","1st","Male",0.497582405792952,-0.474278822276423,-0.47340772456839,-0.119064192904377,"Southampton"
514,"Yes","1st","Female",1.82153441042953,0.432550428041802,-0.47340772456839,0.547271395819289,"Cherbourg"
515,"No","3rd","Male",-0.385052263964768,-0.474278822276423,-0.47340772456839,-0.497216808460995,"Southampton"
516,"No","1st","Male",1.3066641864042,-0.474278822276423,-0.47340772456839,0.0365559809960148,"Southampton"
517,"Yes","2nd","Female",0.350476627499998,-0.474278822276423,-0.47340772456839,-0.436762134979874,"Southampton"
518,"No","3rd","Male",0.497582405792952,-0.474278822276423,-0.47340772456839,-0.162077928529801,"Queenstown"
519,"Yes","2nd","Female",0.497582405792952,0.432550428041802,-0.47340772456839,-0.124849666117153,"Southampton"
520,"No","3rd","Male",0.203370849207045,-0.474278822276423,-0.47340772456839,-0.489167454425828,"Southampton"
521,"Yes","1st","Female",0.0562650709140916,-0.474278822276423,-0.47340772456839,1.23347882731727,"Southampton"
522,"No","3rd","Male",-0.532158042257722,-0.474278822276423,-0.47340772456839,-0.489167454425828,"Southampton"
523,"No","3rd","Male",-0.237946485671815,-0.474278822276423,-0.47340772456839,-0.502666221142803,"Cherbourg"
524,"Yes","1st","Female",1.08600551896477,-0.474278822276423,0.767198988932891,0.518680090286376,"Cherbourg"
525,"No","3rd","Male",-0.237946485671815,-0.474278822276423,-0.47340772456839,-0.502581702925434,"Cherbourg"
526,"No","3rd","Male",0.828570406952097,-0.474278822276423,-0.47340772456839,-0.492101443971647,"Queenstown"
527,"Yes","2nd","Female",1.52732285384362,-0.474278822276423,-0.47340772456839,-0.436762134979874,"Southampton"
528,"No","1st","Male",1.93186374414925,-0.474278822276423,-0.47340772456839,3.81489056768725,"Southampton"
529,"No","3rd","Male",0.718241073232382,-0.474278822276423,-0.47340772456839,-0.488579851581261,"Southampton"
530,"No","2nd","Male",-0.458605153111245,1.33937967836003,0.767198988932891,-0.416638749891956,"Southampton"
531,"Yes","2nd","Female",-2.00321582518726,0.432550428041802,0.767198988932891,-0.124849666117153,"Southampton"
532,"No","3rd","Male",-0.237946485671815,-0.474278822276423,-0.47340772456839,-0.502581702925434,"Cherbourg"
533,"No","3rd","Male",-0.899922487990105,0.432550428041802,0.767198988932891,-0.502581702925434,"Cherbourg"
534,"Yes","3rd","Female",-1.48834560116192,-0.474278822276423,2.00780570243417,-0.198132997591822,"Cherbourg"
535,"No","3rd","Female",0.0562650709140916,-0.474278822276423,-0.47340772456839,-0.473738855078922,"Southampton"
536,"Yes","2nd","Female",-1.63545137945487,-0.474278822276423,2.00780570243417,-0.119818819845174,"Southampton"
537,"No","1st","Male",1.15955840811124,-0.474278822276423,-0.47340772456839,-0.113781804318799,"Southampton"
538,"Yes","1st","Female",0.0562650709140916,-0.474278822276423,-0.47340772456839,1.49357357957861,"Cherbourg"
539,"No","3rd","Male",-0.458605153111245,-0.474278822276423,-0.47340772456839,-0.356268594628204,"Southampton"
540,"Yes","1st","Female",-0.532158042257722,-0.474278822276423,2.00780570243417,0.348049883448906,"Cherbourg"
541,"Yes","1st","Female",0.497582405792952,-0.474278822276423,2.00780570243417,0.780702662839131,"Southampton"
542,"No","3rd","Female",-1.48834560116192,3.15303817899648,2.00780570243417,-0.0186988097783889,"Southampton"
543,"No","3rd","Female",-1.34123982286897,3.15303817899648,2.00780570243417,-0.0186988097783889,"Southampton"
544,"Yes","2nd","Male",0.203370849207045,0.432550428041802,-0.47340772456839,-0.124849666117153,"Southampton"
545,"No","1st","Male",1.52732285384362,0.432550428041802,-0.47340772456839,1.49357357957861,"Cherbourg"
546,"No","1st","Male",2.5570633018943,-0.474278822276423,-0.47340772456839,-0.124849666117153,"Southampton"
547,"Yes","2nd","Female",-0.752816709697152,0.432550428041802,-0.47340772456839,-0.124849666117153,"Southampton"
548,"Yes","2nd","Male",-0.605710931404199,-0.474278822276423,-0.47340772456839,-0.369097252621751,"Cherbourg"
549,"No","3rd","Male",0.276923738353522,0.432550428041802,0.767198988932891,-0.235025199473501,"Southampton"
550,"Yes","2nd","Male",-1.5618984903084,0.432550428041802,0.767198988932891,0.0914767235779591,"Southampton"
551,"Yes","1st","Male",-0.899922487990105,-0.474278822276423,2.00780570243417,1.58328966731607,"Cherbourg"
552,"No","2nd","Male",-0.164393596525338,-0.474278822276423,-0.47340772456839,-0.124849666117153,"Southampton"
553,"No","3rd","Male",0.31370018292676,-0.474278822276423,-0.47340772456839,-0.490507671872684,"Queenstown"
554,"Yes","3rd","Male",-0.532158042257722,-0.474278822276423,-0.47340772456839,-0.502666221142803,"Cherbourg"
555,"Yes","3rd","Female",-0.532158042257722,-0.474278822276423,-0.47340772456839,-0.491598359344449,"Southampton"
556,"No","1st","Male",2.40995752360134,-0.474278822276423,-0.47340772456839,-0.113781804318799,"Southampton"
557,"Yes","1st","Female",1.38021707555067,0.432550428041802,-0.47340772456839,0.148828371078524,"Cherbourg"
558,"No","1st","Male",0.424029516646475,-0.474278822276423,-0.47340772456839,3.93051551372541,"Cherbourg"
559,"Yes","1st","Female",0.718241073232382,0.432550428041802,0.767198988932891,0.954769943849617,"Southampton"
560,"Yes","3rd","Female",0.497582405792952,0.432550428041802,-0.47340772456839,-0.297910777873243,"Southampton"
561,"No","3rd","Male",0.515970628079571,-0.474278822276423,-0.47340772456839,-0.492101443971647,"Queenstown"
562,"No","3rd","Male",0.791793962378858,-0.474278822276423,-0.47340772456839,-0.489167454425828,"Southampton"
563,"No","2nd","Male",-0.0908407073788618,-0.474278822276423,-0.47340772456839,-0.376391979716121,"Southampton"
564,"No","3rd","Male",-0.0540642628056234,-0.474278822276423,-0.47340772456839,-0.486064428445271,"Southampton"
565,"No","3rd","Female",-0.421828708538007,-0.474278822276423,-0.47340772456839,-0.486064428445271,"Southampton"
566,"No","3rd","Male",-0.385052263964768,1.33937967836003,-0.47340772456839,-0.162077928529801,"Southampton"
567,"No","3rd","Male",-0.752816709697152,-0.474278822276423,-0.47340772456839,-0.489167454425828,"Southampton"
568,"No","3rd","Female",-0.0172878182323851,-0.474278822276423,4.48901912943673,-0.223957337675147,"Southampton"
569,"No","3rd","Male",-0.0540642628056234,-0.474278822276423,-0.47340772456839,-0.502581702925434,"Cherbourg"
570,"Yes","3rd","Male",0.203370849207045,-0.474278822276423,-0.47340772456839,-0.490004587245486,"Southampton"
571,"Yes","2nd","Male",2.40995752360134,-0.474278822276423,-0.47340772456839,-0.436762134979874,"Southampton"
572,"Yes","1st","Female",1.74798152128306,1.33937967836003,-0.47340772456839,0.387878087214913,"Southampton"
573,"Yes","1st","Male",0.497582405792952,-0.474278822276423,-0.47340772456839,-0.117051854395585,"Southampton"
574,"Yes","3rd","Female",-0.679263820550675,-0.474278822276423,-0.47340772456839,-0.492101443971647,"Queenstown"
575,"No","3rd","Male",-0.973475377136582,-0.474278822276423,-0.47340772456839,-0.486064428445271,"Southampton"
576,"No","3rd","Male",-0.752816709697152,-0.474278822276423,-0.47340772456839,-0.356268594628204,"Southampton"
577,"Yes","2nd","Female",0.350476627499998,-0.474278822276423,-0.47340772456839,-0.38645367226008,"Southampton"
578,"Yes","1st","Female",0.718241073232382,0.432550428041802,-0.47340772456839,0.476839548011578,"Southampton"
579,"No","3rd","Female",-0.458605153111245,0.432550428041802,-0.47340772456839,-0.35710773978637,"Cherbourg"
580,"Yes","3rd","Male",0.203370849207045,-0.474278822276423,-0.47340772456839,-0.488579851581261,"Southampton"
581,"Yes","2nd","Female",-0.311499374818292,0.432550428041802,0.767198988932891,-0.0443561257654836,"Southampton"
582,"Yes","1st","Female",0.718241073232382,0.432550428041802,0.767198988932891,1.58328966731607,"Cherbourg"
583,"No","2nd","Male",1.82153441042953,-0.474278822276423,-0.47340772456839,-0.124849666117153,"Southampton"
584,"No","1st","Male",0.497582405792952,-0.474278822276423,-0.47340772456839,0.15939314824968,"Cherbourg"
585,"No","3rd","Male",-0.0540642628056234,-0.474278822276423,-0.47340772456839,-0.472732685824526,"Cherbourg"
586,"Yes","1st","Female",-0.826369598843628,-0.474278822276423,2.00780570243417,0.954769943849617,"Southampton"
587,"No","2nd","Male",1.3066641864042,-0.474278822276423,-0.47340772456839,-0.346206902084245,"Southampton"
588,"Yes","1st","Male",2.26285174530839,0.432550428041802,0.767198988932891,0.945714420560054,"Cherbourg"
589,"No","3rd","Male",-0.532158042257722,-0.474278822276423,-0.47340772456839,-0.486064428445271,"Southampton"
590,"No","3rd","Male",0.240147293780283,-0.474278822276423,-0.47340772456839,-0.486064428445271,"Southampton"
591,"No","3rd","Male",0.424029516646475,-0.474278822276423,-0.47340772456839,-0.504678559651595,"Southampton"
592,"Yes","1st","Female",1.67442863213658,0.432550428041802,-0.47340772456839,0.926933265257501,"Cherbourg"
593,"No","3rd","Male",1.3066641864042,-0.474278822276423,-0.47340772456839,-0.502163136515605,"Southampton"
594,"No","3rd","Female",0.0194886263408532,-0.474278822276423,2.00780570243417,-0.492101443971647,"Queenstown"
595,"No","2nd","Male",0.571135294939428,0.432550428041802,-0.47340772456839,-0.124849666117153,"Southampton"
596,"No","3rd","Male",0.497582405792952,0.432550428041802,0.767198988932891,-0.162077928529801,"Southampton"
597,"Yes","2nd","Female",-0.0172878182323851,-0.474278822276423,-0.47340772456839,0.0160140294982687,"Southampton"
598,"No","3rd","Male",1.45376996469715,-0.474278822276423,-0.47340772456839,-0.648057678403007,"Southampton"
599,"No","3rd","Male",-0.0540642628056234,-0.474278822276423,-0.47340772456839,-0.502666221142803,"Cherbourg"
600,"Yes","1st","Male",1.45376996469715,0.432550428041802,-0.47340772456839,0.497550535944063,"Cherbourg"
601,"Yes","2nd","Female",-0.385052263964768,1.33937967836003,0.767198988932891,-0.104726281029236,"Southampton"
602,"No","3rd","Male",0.240147293780283,-0.474278822276423,-0.47340772456839,-0.489167454425828,"Southampton"
603,"No","1st","Male",1.56409929841686,-0.474278822276423,-0.47340772456839,0.205173849324693,"Southampton"
604,"No","3rd","Male",1.08600551896477,-0.474278822276423,-0.47340772456839,-0.486064428445271,"Southampton"
605,"Yes","1st","Male",0.424029516646475,-0.474278822276423,-0.47340772456839,-0.113781804318799,"Cherbourg"
606,"No","3rd","Male",0.497582405792952,0.432550428041802,-0.47340772456839,-0.335139040285891,"Southampton"
607,"No","3rd","Male",0.0562650709140916,-0.474278822276423,-0.47340772456839,-0.489167454425828,"Southampton"
608,"Yes","1st","Male",-0.164393596525338,-0.474278822276423,-0.47340772456839,-0.0342944332215249,"Southampton"
609,"Yes","2nd","Female",-0.532158042257722,0.432550428041802,2.00780570243417,0.18865657484453,"Cherbourg"
610,"Yes","1st","Female",0.791793962378858,-0.474278822276423,-0.47340772456839,2.44012730565152,"Southampton"
611,"No","3rd","Female",0.718241073232382,0.432550428041802,5.72962584293801,-0.0186988097783889,"Southampton"
612,"No","3rd","Male",0.424029516646475,-0.474278822276423,-0.47340772456839,-0.506187813533189,"Southampton"
613,"Yes","3rd","Female",-0.642487375977437,0.432550428041802,-0.47340772456839,-0.336145209540286,"Queenstown"
614,"No","3rd","Male",0.166594404633807,-0.474278822276423,-0.47340772456839,-0.492101443971647,"Queenstown"
615,"No","3rd","Male",0.424029516646475,-0.474278822276423,-0.47340772456839,-0.486064428445271,"Southampton"
616,"Yes","2nd","Female",-0.385052263964768,0.432550428041802,2.00780570243417,0.659962352311627,"Southampton"
617,"No","3rd","Male",0.350476627499998,0.432550428041802,0.767198988932891,-0.358280933136996,"Southampton"
618,"No","3rd","Female",-0.237946485671815,0.432550428041802,-0.47340772456839,-0.324071178487536,"Southampton"
619,"Yes","2nd","Female",-1.8561100468943,1.33937967836003,0.767198988932891,0.136754340025773,"Southampton"
620,"No","2nd","Male",-0.237946485671815,-0.474278822276423,-0.47340772456839,-0.436762134979874,"Southampton"
621,"No","3rd","Male",-0.164393596525338,0.432550428041802,-0.47340772456839,-0.35719024566523,"Cherbourg"
622,"Yes","1st","Male",0.938899740671812,0.432550428041802,-0.47340772456839,0.409510726184424,"Southampton"
623,"Yes","3rd","Male",-0.679263820550675,0.432550428041802,0.767198988932891,-0.331281387364537,"Cherbourg"
624,"No","3rd","Male",-0.605710931404199,-0.474278822276423,-0.47340772456839,-0.490004587245486,"Southampton"
625,"No","3rd","Male",-0.605710931404199,-0.474278822276423,-0.47340772456839,-0.324071178487536,"Southampton"
626,"No","1st","Male",2.33640463445487,-0.474278822276423,-0.47340772456839,0.00234622634655514,"Southampton"
627,"No","2nd","Male",2.04219307786896,-0.474278822276423,-0.47340772456839,-0.399533872567226,"Queenstown"
628,"Yes","1st","Female",-0.605710931404199,-0.474278822276423,-0.47340772456839,0.920727213296387,"Southampton"
629,"No","3rd","Male",-0.237946485671815,-0.474278822276423,-0.47340772456839,-0.489167454425828,"Southampton"
630,"No","3rd","Male",0.166594404633807,-0.474278822276423,-0.47340772456839,-0.492437504502615,"Queenstown"
631,"Yes","1st","Male",3.73390952823793,-0.474278822276423,-0.47340772456839,-0.0443561257654836,"Southampton"
632,"No","3rd","Male",1.6008757429901,-0.474278822276423,-0.47340772456839,-0.50610329531582,"Southampton"
633,"Yes","1st","Male",0.203370849207045,-0.474278822276423,-0.47340772456839,-0.0342944332215249,"Cherbourg"
634,"No","1st","Male",1.45376996469715,-0.474278822276423,-0.47340772456839,-0.648057678403007,"Southampton"
635,"No","3rd","Female",-1.48834560116192,2.24620892867825,2.00780570243417,-0.0866152344501103,"Southampton"
636,"Yes","2nd","Female",-0.0908407073788618,-0.474278822276423,-0.47340772456839,-0.38645367226008,"Southampton"
637,"No","3rd","Male",0.203370849207045,-0.474278822276423,-0.47340772456839,-0.488579851581261,"Southampton"
638,"No","2nd","Male",0.129817960060568,0.432550428041802,0.767198988932891,-0.119818819845174,"Southampton"
639,"No","3rd","Female",0.865346851525335,-0.474278822276423,5.72962584293801,0.150589167273717,"Southampton"
640,"No","3rd","Male",-0.311499374818292,0.432550428041802,-0.47340772456839,-0.324071178487536,"Southampton"
641,"No","3rd","Male",-0.679263820550675,-0.474278822276423,-0.47340772456839,-0.490004587245486,"Southampton"
642,"Yes","1st","Female",-0.385052263964768,-0.474278822276423,-0.47340772456839,0.746492908189672,"Cherbourg"
643,"No","3rd","Female",-2.00321582518726,2.24620892867825,2.00780570243417,-0.0866152344501103,"Southampton"
644,"Yes","3rd","Male",0.166594404633807,-0.474278822276423,-0.47340772456839,0.488829060846959,"Southampton"
645,"Yes","3rd","Female",-2.09515693662035,1.33937967836003,0.767198988932891,-0.260515491364366,"Cherbourg"
646,"Yes","1st","Male",1.38021707555067,0.432550428041802,-0.47340772456839,0.895993560684828,"Cherbourg"
647,"No","3rd","Male",-0.752816709697152,-0.474278822276423,-0.47340772456839,-0.489167454425828,"Southampton"
648,"Yes","1st","Male",1.96864018872249,-0.474278822276423,-0.47340772456839,0.0663224922180623,"Cherbourg"
649,"No","3rd","Male",-0.421828708538007,-0.474278822276423,-0.47340772456839,-0.49612612098923,"Southampton"
650,"Yes","3rd","Female",-0.458605153111245,-0.474278822276423,-0.47340772456839,-0.49612612098923,"Southampton"
651,"No","3rd","Male",-0.293111152531673,-0.474278822276423,-0.47340772456839,-0.489167454425828,"Southampton"
652,"Yes","2nd","Female",-0.826369598843628,-0.474278822276423,0.767198988932891,-0.185219821380906,"Southampton"
653,"No","3rd","Male",-0.605710931404199,-0.474278822276423,-0.47340772456839,-0.478351134941073,"Southampton"
654,"Yes","3rd","Female",-0.78959315427039,-0.474278822276423,-0.47340772456839,-0.490507671872684,"Queenstown"
655,"No","3rd","Female",-0.826369598843628,-0.474278822276423,-0.47340772456839,-0.512224829059564,"Queenstown"
656,"No","2nd","Male",-0.385052263964768,1.33937967836003,-0.47340772456839,0.831011125558925,"Southampton"
657,"No","3rd","Male",-0.293111152531673,-0.474278822276423,-0.47340772456839,-0.489167454425828,"Southampton"
658,"No","3rd","Female",0.203370849207045,0.432550428041802,0.767198988932891,-0.336145209540286,"Queenstown"
659,"No","2nd","Male",-0.458605153111245,-0.474278822276423,-0.47340772456839,-0.38645367226008,"Southampton"
660,"No","1st","Male",2.11574596701544,-0.474278822276423,2.00780570243417,1.63141876743084,"Cherbourg"
661,"Yes","1st","Male",1.52732285384362,1.33937967836003,-0.47340772456839,2.04143273859716,"Southampton"
662,"No","3rd","Male",0.791793962378858,-0.474278822276423,-0.47340772456839,-0.502666221142803,"Cherbourg"
663,"No","1st","Male",1.3066641864042,-0.474278822276423,-0.47340772456839,-0.133150562465919,"Southampton"
664,"No","3rd","Male",0.497582405792952,-0.474278822276423,-0.47340772456839,-0.497216808460995,"Southampton"
665,"Yes","3rd","Male",-0.679263820550675,0.432550428041802,-0.47340772456839,-0.488579851581261,"Southampton"
666,"No","2nd","Male",0.203370849207045,1.33937967836003,-0.47340772456839,0.831011125558925,"Southampton"
667,"No","2nd","Male",-0.311499374818292,-0.474278822276423,-0.47340772456839,-0.38645367226008,"Southampton"
668,"No","3rd","Male",-0.679263820550675,-0.474278822276423,-0.47340772456839,-0.491598359344449,"Southampton"
669,"No","3rd","Male",1.01245262981829,-0.474278822276423,-0.47340772456839,-0.486064428445271,"Southampton"
670,"Yes","1st","Female",0.424029516646475,0.432550428041802,-0.47340772456839,0.3983583461687,"Southampton"
671,"Yes","2nd","Female",0.791793962378858,0.432550428041802,0.767198988932891,0.136754340025773,"Southampton"
672,"No","1st","Male",0.129817960060568,0.432550428041802,-0.47340772456839,0.3983583461687,"Southampton"
673,"No","2nd","Male",2.99838063677316,-0.474278822276423,-0.47340772456839,-0.436762134979874,"Southampton"
674,"Yes","2nd","Male",0.129817960060568,-0.474278822276423,-0.47340772456839,-0.38645367226008,"Southampton"
675,"No","2nd","Male",0.53435885036619,-0.474278822276423,-0.47340772456839,-0.648057678403007,"Southampton"
676,"No","3rd","Male",-0.826369598843628,-0.474278822276423,-0.47340772456839,-0.491598359344449,"Southampton"
677,"No","3rd","Male",-0.34827581939153,-0.474278822276423,-0.47340772456839,-0.486064428445271,"Southampton"
678,"Yes","3rd","Female",-0.826369598843628,-0.474278822276423,-0.47340772456839,-0.45000935938325,"Southampton"
679,"No","3rd","Female",1.01245262981829,0.432550428041802,6.97023255643929,0.295729082220321,"Southampton"
680,"Yes","1st","Male",0.497582405792952,-0.474278822276423,0.767198988932891,9.66174010498166,"Cherbourg"
681,"No","3rd","Female",-0.1276171519521,-0.474278822276423,-0.47340772456839,-0.484303632250079,"Queenstown"
682,"Yes","1st","Male",-0.164393596525338,-0.474278822276423,-0.47340772456839,0.895993560684828,"Cherbourg"
683,"No","3rd","Male",-0.679263820550675,-0.474278822276423,-0.47340772456839,-0.462419450966968,"Southampton"
684,"No","3rd","Male",-1.12058115542954,4.05986742931471,2.00780570243417,0.295729082220321,"Southampton"
685,"No","2nd","Male",2.26285174530839,0.432550428041802,0.767198988932891,0.136754340025773,"Southampton"
686,"No","2nd","Male",-0.311499374818292,0.432550428041802,2.00780570243417,0.18865657484453,"Cherbourg"
687,"No","3rd","Male",-1.12058115542954,3.15303817899648,0.767198988932891,0.150589167273717,"Southampton"
688,"No","3rd","Male",-0.752816709697152,-0.474278822276423,-0.47340772456839,-0.443386753350816,"Southampton"
689,"No","3rd","Male",-0.826369598843628,-0.474278822276423,-0.47340772456839,-0.49117979293462,"Southampton"
690,"Yes","1st","Female",-1.04702826628306,-0.474278822276423,0.767198988932891,3.60476821761474,"Southampton"
691,"Yes","1st","Male",0.129817960060568,0.432550428041802,-0.47340772456839,0.498975271608287,"Southampton"
692,"Yes","3rd","Female",-1.8561100468943,-0.474278822276423,0.767198988932891,-0.378068257693945,"Cherbourg"
693,"Yes","3rd","Male",-0.0172878182323851,-0.474278822276423,-0.47340772456839,0.488829060846959,"Southampton"
694,"No","3rd","Male",-0.311499374818292,-0.474278822276423,-0.47340772456839,-0.502666221142803,"Cherbourg"
695,"No","1st","Male",2.26285174530839,-0.474278822276423,-0.47340772456839,-0.113781804318799,"Southampton"
696,"No","2nd","Male",1.67442863213658,-0.474278822276423,-0.47340772456839,-0.376391979716121,"Southampton"
697,"No","3rd","Male",1.08600551896477,-0.474278822276423,-0.47340772456839,-0.486064428445271,"Southampton"
698,"Yes","3rd","Female",-0.78959315427039,-0.474278822276423,-0.47340772456839,-0.492437504502615,"Queenstown"
699,"No","1st","Male",1.45376996469715,0.432550428041802,0.767198988932891,1.58328966731607,"Cherbourg"
700,"No","3rd","Male",0.938899740671812,-0.474278822276423,-0.47340772456839,-0.494113782480438,"Southampton"
701,"Yes","1st","Female",-0.826369598843628,0.432550428041802,-0.47340772456839,3.93051551372541,"Cherbourg"
702,"Yes","1st","Male",0.424029516646475,-0.474278822276423,-0.47340772456839,-0.119064192904377,"Southampton"
703,"No","3rd","Female",-0.826369598843628,-0.474278822276423,0.767198988932891,-0.35719024566523,"Cherbourg"
704,"No","3rd","Male",-0.311499374818292,-0.474278822276423,-0.47340772456839,-0.492268468067876,"Queenstown"
705,"No","3rd","Male",-0.237946485671815,0.432550428041802,-0.47340772456839,-0.490004587245486,"Southampton"
706,"No","2nd","Male",0.718241073232382,-0.474278822276423,-0.47340772456839,-0.124849666117153,"Southampton"
707,"Yes","2nd","Female",1.15955840811124,-0.474278822276423,-0.47340772456839,-0.376391979716121,"Southampton"
708,"Yes","1st","Male",0.938899740671812,-0.474278822276423,-0.47340772456839,-0.119064192904377,"Southampton"
709,"Yes","1st","Female",-0.532158042257722,-0.474278822276423,-0.47340772456839,2.40164133167088,"Southampton"
710,"Yes","3rd","Male",-0.973475377136582,0.432550428041802,0.767198988932891,-0.341260574029635,"Cherbourg"
711,"Yes","1st","Female",-0.385052263964768,-0.474278822276423,-0.47340772456839,0.348134401666276,"Cherbourg"
712,"No","1st","Male",1.78475796585629,-0.474278822276423,-0.47340772456839,-0.113781804318799,"Southampton"
713,"Yes","1st","Male",1.38021707555067,0.432550428041802,-0.47340772456839,0.3983583461687,"Southampton"
714,"No","3rd","Male",-0.0172878182323851,-0.474278822276423,-0.47340772456839,-0.457221580598759,"Southampton"
715,"No","2nd","Male",1.67442863213658,-0.474278822276423,-0.47340772456839,-0.38645367226008,"Southampton"
716,"No","3rd","Male",-0.752816709697152,-0.474278822276423,-0.47340772456839,-0.494113782480438,"Southampton"
717,"Yes","1st","Female",0.644688184085905,-0.474278822276423,-0.47340772456839,3.93051551372541,"Cherbourg"
718,"Yes","2nd","Female",-0.164393596525338,-0.474278822276423,-0.47340772456839,-0.436762134979874,"Southampton"
719,"No","3rd","Male",0.166594404633807,-0.474278822276423,-0.47340772456839,-0.336145209540286,"Queenstown"
720,"No","3rd","Male",0.276923738353522,-0.474278822276423,-0.47340772456839,-0.491598359344449,"Southampton"
721,"Yes","2nd","Female",-1.70900426860135,-0.474278822276423,0.767198988932891,0.0160140294982687,"Southampton"
722,"No","3rd","Male",-0.899922487990105,0.432550428041802,-0.47340772456839,-0.50610329531582,"Southampton"
723,"No","2nd","Male",0.350476627499998,-0.474278822276423,-0.47340772456839,-0.38645367226008,"Southampton"
724,"No","2nd","Male",1.52732285384362,-0.474278822276423,-0.47340772456839,-0.38645367226008,"Southampton"
725,"Yes","1st","Male",-0.164393596525338,0.432550428041802,-0.47340772456839,0.420494069765409,"Southampton"
726,"No","3rd","Male",-0.679263820550675,-0.474278822276423,-0.47340772456839,-0.473738855078922,"Southampton"
727,"Yes","2nd","Female",0.0562650709140916,2.24620892867825,-0.47340772456839,-0.225466591556741,"Southampton"
728,"Yes","3rd","Female",-0.899922487990105,-0.474278822276423,-0.47340772456839,-0.492352986285246,"Queenstown"
729,"No","2nd","Male",-0.311499374818292,0.432550428041802,-0.47340772456839,-0.124849666117153,"Southampton"
730,"No","3rd","Female",-0.311499374818292,0.432550428041802,-0.47340772456839,-0.488579851581261,"Southampton"
731,"Yes","1st","Female",-0.0172878182323851,-0.474278822276423,-0.47340772456839,3.60476821761474,"Southampton"
732,"No","3rd","Male",-1.34123982286897,-0.474278822276423,-0.47340772456839,-0.269989581063758,"Cherbourg"
733,"No","2nd","Male",0.718241073232382,-0.474278822276423,-0.47340772456839,-0.648057678403007,"Southampton"
734,"No","2nd","Male",-0.458605153111245,-0.474278822276423,-0.47340772456839,-0.38645367226008,"Southampton"
735,"No","2nd","Male",-0.458605153111245,-0.474278822276423,-0.47340772456839,-0.38645367226008,"Southampton"
736,"No","3rd","Male",-0.0540642628056234,-0.474278822276423,-0.47340772456839,-0.324071178487536,"Southampton"
737,"No","3rd","Female",1.38021707555067,0.432550428041802,3.24841241593545,0.0436836839941552,"Southampton"
738,"Yes","1st","Male",0.424029516646475,-0.474278822276423,-0.47340772456839,9.66174010498166,"Cherbourg"
739,"No","3rd","Male",-0.0356760405190043,-0.474278822276423,-0.47340772456839,-0.489167454425828,"Southampton"
740,"No","3rd","Male",-0.0356760405190043,-0.474278822276423,-0.47340772456839,-0.489167454425828,"Southampton"
741,"Yes","1st","Male",0.607911739512667,-0.474278822276423,-0.47340772456839,-0.0443561257654836,"Southampton"
742,"No","1st","Male",0.497582405792952,0.432550428041802,-0.47340772456839,0.938671235779283,"Southampton"
743,"Yes","1st","Female",-0.605710931404199,1.33937967836003,2.00780570243417,4.63181548403933,"Cherbourg"
744,"No","3rd","Male",-0.385052263964768,0.432550428041802,-0.47340772456839,-0.324071178487536,"Southampton"
745,"Yes","3rd","Male",0.129817960060568,-0.474278822276423,-0.47340772456839,-0.488579851581261,"Southampton"
746,"No","1st","Male",2.99838063677316,0.432550428041802,0.767198988932891,0.780702662839131,"Southampton"
747,"No","3rd","Male",-0.973475377136582,0.432550428041802,0.767198988932891,-0.240559130372679,"Southampton"
748,"Yes","2nd","Female",0.0562650709140916,-0.474278822276423,-0.47340772456839,-0.38645367226008,"Southampton"
749,"No","1st","Male",-0.752816709697152,0.432550428041802,-0.47340772456839,0.420494069765409,"Southampton"
750,"No","3rd","Male",0.129817960060568,-0.474278822276423,-0.47340772456839,-0.492101443971647,"Queenstown"
751,"Yes","2nd","Female",-1.8561100468943,0.432550428041802,0.767198988932891,-0.185219821380906,"Southampton"
752,"Yes","3rd","Male",-1.70900426860135,-0.474278822276423,0.767198988932891,-0.397018449431237,"Southampton"
753,"No","3rd","Male",0.276923738353522,-0.474278822276423,-0.47340772456839,-0.456885520067791,"Southampton"
754,"No","3rd","Male",-0.458605153111245,-0.474278822276423,-0.47340772456839,-0.489167454425828,"Southampton"
755,"Yes","2nd","Female",1.38021707555067,0.432550428041802,2.00780570243417,0.659962352311627,"Southampton"
756,"Yes","2nd","Male",-2.10104116775207,0.432550428041802,0.767198988932891,-0.356268594628204,"Southampton"
757,"No","3rd","Male",-0.0908407073788618,-0.474278822276423,-0.47340772456839,-0.49117979293462,"Southampton"
758,"No","2nd","Male",-0.826369598843628,-0.474278822276423,-0.47340772456839,-0.416638749891956,"Southampton"
759,"No","3rd","Male",0.350476627499998,-0.474278822276423,-0.47340772456839,-0.486064428445271,"Southampton"
760,"Yes","1st","Female",0.276923738353522,-0.474278822276423,-0.47340772456839,1.09261513170185,"Southampton"
761,"No","3rd","Male",0.0562650709140916,-0.474278822276423,-0.47340772456839,-0.356268594628204,"Southampton"
762,"No","3rd","Male",0.865346851525335,-0.474278822276423,-0.47340772456839,-0.504678559651595,"Southampton"
763,"Yes","3rd","Male",-0.679263820550675,-0.474278822276423,-0.47340772456839,-0.502581702925434,"Cherbourg"
764,"Yes","1st","Female",0.497582405792952,0.432550428041802,2.00780570243417,1.76674853214709,"Southampton"
765,"No","3rd","Male",-0.973475377136582,-0.474278822276423,-0.47340772456839,-0.491598359344449,"Southampton"
766,"Yes","1st","Female",1.6008757429901,0.432550428041802,-0.47340772456839,0.920727213296387,"Southampton"
767,"No","1st","Male",0.0930415154873299,-0.474278822276423,-0.47340772456839,0.148828371078524,"Cherbourg"
768,"No","3rd","Female",0.0930415154873299,-0.474278822276423,-0.47340772456839,-0.492101443971647,"Queenstown"
769,"No","3rd","Male",0.166594404633807,0.432550428041802,-0.47340772456839,-0.162077928529801,"Queenstown"
770,"No","3rd","Male",0.203370849207045,-0.474278822276423,-0.47340772456839,-0.479775870605297,"Southampton"
771,"No","3rd","Male",-0.385052263964768,-0.474278822276423,-0.47340772456839,-0.456885520067791,"Southampton"
772,"No","3rd","Male",1.38021707555067,-0.474278822276423,-0.47340772456839,-0.490004587245486,"Southampton"
773,"No","2nd","Female",2.04219307786896,-0.474278822276423,-0.47340772456839,-0.436762134979874,"Southampton"
774,"No","3rd","Male",-0.0540642628056234,-0.474278822276423,-0.47340772456839,-0.502666221142803,"Cherbourg"
775,"Yes","2nd","Female",1.82153441042953,0.432550428041802,3.24841241593545,-0.185219821380906,"Southampton"
776,"No","3rd","Male",-0.826369598843628,-0.474278822276423,-0.47340772456839,-0.492101443971647,"Southampton"
777,"No","3rd","Male",0.166594404633807,-0.474278822276423,-0.47340772456839,-0.492101443971647,"Queenstown"
778,"Yes","3rd","Female",-1.78255715774783,-0.474278822276423,-0.47340772456839,-0.397018449431237,"Southampton"
779,"No","3rd","Male",0.166594404633807,-0.474278822276423,-0.47340772456839,-0.492352986285246,"Queenstown"
780,"Yes","1st","Female",1.01245262981829,-0.474278822276423,0.767198988932891,3.60476821761474,"Southampton"
781,"Yes","3rd","Female",-1.19413404457601,-0.474278822276423,-0.47340772456839,-0.502581702925434,"Cherbourg"
782,"Yes","1st","Female",-0.899922487990105,0.432550428041802,-0.47340772456839,0.498975271608287,"Southampton"
783,"No","1st","Male",-0.0172878182323851,-0.474278822276423,-0.47340772456839,-0.0443561257654836,"Southampton"
784,"No","3rd","Male",-0.311499374818292,0.432550428041802,2.00780570243417,-0.176164298091343,"Southampton"
785,"No","3rd","Male",-0.311499374818292,-0.474278822276423,-0.47340772456839,-0.506187813533189,"Southampton"
786,"No","3rd","Male",-0.311499374818292,-0.474278822276423,-0.47340772456839,-0.502163136515605,"Southampton"
787,"Yes","3rd","Female",-0.826369598843628,-0.474278822276423,-0.47340772456839,-0.497216808460995,"Southampton"
788,"No","3rd","Male",-1.5618984903084,3.15303817899648,0.767198988932891,-0.0619640877174114,"Queenstown"
789,"Yes","3rd","Male",-2.07676871433373,0.432550428041802,2.00780570243417,-0.234019030219105,"Southampton"
790,"No","1st","Male",1.23311129725772,-0.474278822276423,-0.47340772456839,0.945714420560054,"Cherbourg"
791,"No","3rd","Male",0.0930415154873299,-0.474278822276423,-0.47340772456839,-0.492101443971647,"Queenstown"
792,"No","2nd","Male",-0.973475377136582,-0.474278822276423,-0.47340772456839,-0.124849666117153,"Southampton"
793,"No","3rd","Female",-1.41479271201544,6.78035518026938,2.00780570243417,0.751523754461651,"Southampton"
794,"No","1st","Male",0.387253072073237,-0.474278822276423,-0.47340772456839,-0.0303542744213107,"Cherbourg"
795,"No","3rd","Male",-0.311499374818292,-0.474278822276423,-0.47340772456839,-0.489167454425828,"Southampton"
796,"No","2nd","Male",0.718241073232382,-0.474278822276423,-0.47340772456839,-0.38645367226008,"Southampton"
797,"Yes","1st","Female",1.45376996469715,-0.474278822276423,-0.47340772456839,-0.126274401781378,"Southampton"
798,"Yes","3rd","Female",0.129817960060568,-0.474278822276423,-0.47340772456839,-0.473320288669093,"Southampton"
799,"No","3rd","Male",0.0562650709140916,-0.474278822276423,-0.47340772456839,-0.502581702925434,"Cherbourg"
800,"No","3rd","Female",0.0562650709140916,0.432550428041802,0.767198988932891,-0.162077928529801,"Southampton"
801,"No","2nd","Male",0.350476627499998,-0.474278822276423,-0.47340772456839,-0.38645367226008,"Southampton"
802,"Yes","2nd","Female",0.129817960060568,0.432550428041802,0.767198988932891,-0.119818819845174,"Southampton"
803,"Yes","1st","Male",-1.34123982286897,0.432550428041802,2.00780570243417,1.76674853214709,"Southampton"
804,"Yes","3rd","Male",-2.11942939003869,-0.474278822276423,0.767198988932891,-0.47667284462474,"Cherbourg"
805,"Yes","3rd","Male",-0.164393596525338,-0.474278822276423,-0.47340772456839,-0.507697067414783,"Southampton"
806,"No","3rd","Male",0.129817960060568,-0.474278822276423,-0.47340772456839,-0.491598359344449,"Southampton"
807,"No","1st","Male",0.718241073232382,-0.474278822276423,-0.47340772456839,-0.648057678403007,"Southampton"
808,"No","3rd","Female",-0.826369598843628,-0.474278822276423,-0.47340772456839,-0.491598359344449,"Southampton"
809,"No","2nd","Male",0.718241073232382,-0.474278822276423,-0.47340772456839,-0.38645367226008,"Southampton"
810,"Yes","1st","Female",0.276923738353522,0.432550428041802,-0.47340772456839,0.420494069765409,"Southampton"
811,"No","3rd","Male",-0.237946485671815,-0.474278822276423,-0.47340772456839,-0.489334478522058,"Southampton"
812,"No","3rd","Male",0.718241073232382,-0.474278822276423,-0.47340772456839,-0.162077928529801,"Southampton"
813,"No","2nd","Male",0.424029516646475,-0.474278822276423,-0.47340772456839,-0.436762134979874,"Southampton"
814,"No","3rd","Female",-1.70900426860135,3.15303817899648,2.00780570243417,-0.0186988097783889,"Southampton"
815,"No","3rd","Male",0.0930415154873299,-0.474278822276423,-0.47340772456839,-0.486064428445271,"Southampton"
816,"No","1st","Male",0.681464628659143,-0.474278822276423,-0.47340772456839,-0.648057678403007,"Southampton"
817,"No","3rd","Female",-0.458605153111245,-0.474278822276423,-0.47340772456839,-0.488579851581261,"Southampton"
818,"No","2nd","Male",0.129817960060568,0.432550428041802,0.767198988932891,0.0965920880673076,"Cherbourg"
819,"No","3rd","Male",1.01245262981829,-0.474278822276423,-0.47340772456839,-0.518261844585939,"Southampton"
820,"No","3rd","Male",-1.41479271201544,2.24620892867825,2.00780570243417,-0.0866152344501103,"Southampton"
821,"Yes","1st","Female",1.67442863213658,0.432550428041802,0.767198988932891,1.23347882731727,"Southampton"
822,"Yes","3rd","Male",-0.164393596525338,-0.474278822276423,-0.47340772456839,-0.473738855078922,"Southampton"
823,"No","1st","Male",0.644688184085905,-0.474278822276423,-0.47340772456839,-0.648057678403007,"Southampton"
824,"Yes","3rd","Female",-0.164393596525338,-0.474278822276423,0.767198988932891,-0.397018449431237,"Southampton"
825,"No","3rd","Male",-2.00321582518726,3.15303817899648,0.767198988932891,0.150589167273717,"Southampton"
826,"No","3rd","Male",0.166594404633807,-0.474278822276423,-0.47340772456839,-0.508200152041981,"Queenstown"
827,"No","3rd","Male",-0.34827581939153,-0.474278822276423,-0.47340772456839,0.488829060846959,"Southampton"
828,"Yes","2nd","Male",-2.07676871433373,-0.474278822276423,2.00780570243417,0.0965920880673076,"Cherbourg"
829,"Yes","3rd","Male",-0.0908407073788618,-0.474278822276423,-0.47340772456839,-0.492101443971647,"Queenstown"
830,"Yes","1st","Female",2.40995752360134,-0.474278822276423,-0.47340772456839,0.961813128630388,"Southampton"
831,"Yes","3rd","Female",-1.04702826628306,0.432550428041802,-0.47340772456839,-0.35719024566523,"Cherbourg"
832,"Yes","2nd","Male",-2.08927270548863,0.432550428041802,0.767198988932891,-0.270744208004555,"Southampton"
833,"No","3rd","Male",-0.0540642628056234,-0.474278822276423,-0.47340772456839,-0.502581702925434,"Cherbourg"
834,"No","3rd","Male",-0.458605153111245,-0.474278822276423,-0.47340772456839,-0.490004587245486,"Southampton"
835,"No","3rd","Male",-0.826369598843628,-0.474278822276423,-0.47340772456839,-0.481033582173292,"Southampton"
836,"Yes","1st","Female",0.718241073232382,0.432550428041802,0.767198988932891,1.02536881575356,"Cherbourg"
837,"No","3rd","Male",-0.605710931404199,-0.474278822276423,-0.47340772456839,-0.473738855078922,"Southampton"
838,"No","3rd","Male",-0.237946485671815,-0.474278822276423,-0.47340772456839,-0.486064428445271,"Southampton"
839,"Yes","3rd","Male",0.203370849207045,-0.474278822276423,-0.47340772456839,0.488829060846959,"Southampton"
840,"Yes","1st","Male",0.902123296098573,-0.474278822276423,-0.47340772456839,-0.0503931412918589,"Cherbourg"
841,"No","3rd","Male",-0.679263820550675,-0.474278822276423,-0.47340772456839,-0.488579851581261,"Southampton"
842,"No","2nd","Male",-0.973475377136582,-0.474278822276423,-0.47340772456839,-0.436762134979874,"Southampton"
843,"Yes","1st","Female",0.0562650709140916,-0.474278822276423,-0.47340772456839,-0.0242327406775662,"Cherbourg"
844,"No","3rd","Male",0.387253072073237,-0.474278822276423,-0.47340772456839,-0.518513386899538,"Cherbourg"
845,"No","3rd","Male",-0.899922487990105,-0.474278822276423,-0.47340772456839,-0.473738855078922,"Southampton"
846,"No","3rd","Male",0.938899740671812,-0.474278822276423,-0.47340772456839,-0.49612612098923,"Southampton"
847,"No","3rd","Male",-1.26768693372249,6.78035518026938,2.00780570243417,0.751523754461651,"Southampton"
848,"No","3rd","Male",0.424029516646475,-0.474278822276423,-0.47340772456839,-0.489167454425828,"Cherbourg"
849,"No","2nd","Male",-0.0908407073788618,-0.474278822276423,0.767198988932891,0.0160140294982687,"Southampton"
850,"Yes","1st","Female",1.04922907439153,0.432550428041802,-0.47340772456839,1.14502045114781,"Cherbourg"
851,"No","3rd","Male",-1.8561100468943,3.15303817899648,2.00780570243417,-0.0186988097783889,"Southampton"
852,"No","3rd","Male",3.29259219335907,-0.474278822276423,-0.47340772456839,-0.491598359344449,"Southampton"
853,"No","3rd","Female",-1.48834560116192,0.432550428041802,0.767198988932891,-0.341260574029635,"Cherbourg"
854,"Yes","1st","Female",-0.973475377136582,-0.474278822276423,0.767198988932891,0.14480369406094,"Southampton"
855,"No","2nd","Female",1.08600551896477,0.432550428041802,-0.47340772456839,-0.124849666117153,"Southampton"
856,"Yes","3rd","Female",-0.826369598843628,-0.474278822276423,0.767198988932891,-0.459904027830979,"Southampton"
857,"Yes","1st","Female",1.15955840811124,0.432550428041802,0.767198988932891,2.66961841387115,"Southampton"
858,"Yes","1st","Male",1.6008757429901,-0.474278822276423,-0.47340772456839,-0.113781804318799,"Southampton"
859,"Yes","3rd","Female",-0.385052263964768,-0.474278822276423,3.24841241593545,-0.260515491364366,"Cherbourg"
860,"No","3rd","Male",-0.0540642628056234,-0.474278822276423,-0.47340772456839,-0.502581702925434,"Cherbourg"
861,"No","3rd","Male",0.865346851525335,1.33937967836003,-0.47340772456839,-0.364150924567141,"Southampton"
862,"No","2nd","Male",-0.605710931404199,0.432550428041802,-0.47340772456839,-0.416638749891956,"Southampton"
863,"Yes","1st","Female",1.38021707555067,-0.474278822276423,-0.47340772456839,-0.126274401781378,"Southampton"
864,"No","3rd","Female",-1.41479271201544,6.78035518026938,2.00780570243417,0.751523754461651,"Southampton"
865,"No","2nd","Male",-0.385052263964768,-0.474278822276423,-0.47340772456839,-0.38645367226008,"Southampton"
866,"Yes","2nd","Female",0.938899740671812,-0.474278822276423,-0.47340772456839,-0.38645367226008,"Southampton"
867,"Yes","2nd","Female",-0.164393596525338,0.432550428041802,-0.47340772456839,-0.369181770839121,"Cherbourg"
868,"No","1st","Male",0.129817960060568,-0.474278822276423,-0.47340772456839,0.368088750319455,"Southampton"
869,"No","3rd","Male",-0.274722930245053,-0.474278822276423,-0.47340772456839,-0.456885520067791,"Southampton"
870,"Yes","3rd","Male",-1.8561100468943,0.432550428041802,0.767198988932891,-0.424017995203696,"Southampton"
871,"No","3rd","Male",-0.237946485671815,-0.474278822276423,-0.47340772456839,-0.489167454425828,"Southampton"
872,"Yes","1st","Female",1.3066641864042,0.432550428041802,0.767198988932891,0.409510726184424,"Southampton"
873,"No","1st","Male",0.276923738353522,-0.474278822276423,-0.47340772456839,-0.54744075296342,"Southampton"
874,"No","3rd","Male",1.3066641864042,-0.474278822276423,-0.47340772456839,-0.46694721261175,"Southampton"
875,"Yes","2nd","Female",-0.0908407073788618,0.432550428041802,-0.47340772456839,-0.165096436292988,"Cherbourg"
876,"Yes","3rd","Female",-1.04702826628306,-0.474278822276423,-0.47340772456839,-0.502666221142803,"Cherbourg"
877,"No","3rd","Male",-0.679263820550675,-0.474278822276423,-0.47340772456839,-0.449926853504389,"Southampton"
878,"No","3rd","Male",-0.752816709697152,-0.474278822276423,-0.47340772456839,-0.489167454425828,"Southampton"
879,"No","3rd","Male",-0.274722930245053,-0.474278822276423,-0.47340772456839,-0.489167454425828,"Southampton"
880,"Yes","1st","Female",1.96864018872249,-0.474278822276423,0.767198988932891,1.02536881575356,"Cherbourg"
881,"Yes","2nd","Female",-0.311499374818292,-0.474278822276423,0.767198988932891,-0.124849666117153,"Southampton"
882,"No","3rd","Male",0.276923738353522,-0.474278822276423,-0.47340772456839,-0.489167454425828,"Southampton"
883,"No","3rd","Female",-0.532158042257722,-0.474278822276423,-0.47340772456839,-0.436426074448905,"Southampton"
884,"No","2nd","Male",-0.0908407073788618,-0.474278822276423,-0.47340772456839,-0.436762134979874,"Southampton"
885,"No","3rd","Male",-0.311499374818292,-0.474278822276423,-0.47340772456839,-0.506187813533189,"Southampton"
886,"No","3rd","Female",0.718241073232382,-0.474278822276423,5.72962584293801,-0.0619640877174114,"Queenstown"
887,"No","2nd","Male",-0.164393596525338,-0.474278822276423,-0.47340772456839,-0.38645367226008,"Southampton"
888,"Yes","1st","Female",-0.752816709697152,-0.474278822276423,-0.47340772456839,-0.0443561257654836,"Southampton"
889,"No","3rd","Female",-0.495381597684483,0.432550428041802,2.00780570243417,-0.176164298091343,"Southampton"
890,"Yes","1st","Male",-0.237946485671815,-0.474278822276423,-0.47340772456839,-0.0443561257654836,"Cherbourg"
891,"No","3rd","Male",0.203370849207045,-0.474278822276423,-0.47340772456839,-0.492101443971647,"Queenstown"
